drug_name,drug_ndc,drug_pack_config,drug_date_released,drug_ingr_names,drug_basis_str,drug_strengths
CISATRACURIUM,"['NDC:55150-286-10', 'NDC:55150-286-01']","['10  in 1 CARTON', '10 mL in 1 VIAL, MULTI-DOSE; Type 0: Not a Combination Product']",['05/08/2020'],['CISATRACURIUM BESYLATE (UNII: 80YS8O1MBS)  (CISATRACURIUM - UNII:QX62KLI41N)'],['CISATRACURIUM'],['20mg in10mL']
CISATRACURIUM,"['NDC:55150-284-10', 'NDC:55150-284-01']","['10  in 1 CARTON', '5 mL in 1 VIAL, SINGLE-DOSE; Type 0: Not a Combination Product']",['10/27/2020'],['CISATRACURIUM BESYLATE (UNII: 80YS8O1MBS)  (CISATRACURIUM - UNII:QX62KLI41N)'],['CISATRACURIUM'],['10mg in5mL']
CISATRACURIUM,"['NDC:72785-0008-6', 'NDC:72785-0008-1']","['10  in 1 CARTON', '5 mL in 1 VIAL; Type 0: Not a Combination Product']",['02/12/2020'],['CISATRACURIUM BESYLATE (UNII: 80YS8O1MBS)  (CISATRACURIUM - UNII:QX62KLI41N)'],['CISATRACURIUM'],['2mg in1mL']
CISATRACURIUM,"['NDC:72785-0011-6', 'NDC:72785-0011-1']","['10  in 1 CARTON', '10 mL in 1 VIAL; Type 0: Not a Combination Product']",['11/05/2020'],['CISATRACURIUM BESYLATE (UNII: 80YS8O1MBS)  (CISATRACURIUM - UNII:QX62KLI41N)'],['CISATRACURIUM'],['2mg in1mL']
CISATRACURIUM,['NDC:24584-1110-1'],"['10  in 1 CARTON', '1  in 1 CARTON', '10 mL in 1 VIAL, MULTI-DOSE; Type 0: Not a Combination Product']",['09/30/2021'],['CISATRACURIUM BESYLATE (UNII: 80YS8O1MBS)  (CISATRACURIUM - UNII:QX62KLI41N)'],['CISATRACURIUM'],['2mg in1mL']
CISATRACURIUM,"['NDC:0781-3152-95', 'NDC:0781-3152-70']","['10  in 1 CARTON', '10 mL in 1 VIAL, MULTI-DOSE; Type 0: Not a Combination Product']",['07/16/2012'],['CISATRACURIUM BESYLATE (UNII: 80YS8O1MBS)  (CISATRACURIUM - UNII:QX62KLI41N)'],['CISATRACURIUM'],['2mg in1mL']
CISATRACURIUM,"['NDC:0781-3150-95', 'NDC:0781-3150-75']","['10  in 1 CARTON', '1  in 1 BOX', '5 mL in 1 VIAL; Type 0: Not a Combination Product']",['07/16/2012'],['CISATRACURIUM BESYLATE (UNII: 80YS8O1MBS)  (CISATRACURIUM - UNII:QX62KLI41N)'],['CISATRACURIUM'],['2mg in1mL']
CISATRACURIUM,"['NDC:0409-5547-10', 'NDC:0409-5547-01']","['10  in 1 CARTON', '5 mL in 1 VIAL, SINGLE-DOSE; Type 0: Not a Combination Product']",['06/01/2021'],['CISATRACURIUM BESYLATE (UNII: 80YS8O1MBS)  (CISATRACURIUM - UNII:QX62KLI41N)'],['CISATRACURIUM'],['2mg in1mL']
CISATRACURIUM,"['NDC:0409-1098-02', 'NDC:0409-1098-12']","['10  in 1 CARTON', '5 mL in 1 VIAL, SINGLE-DOSE; Type 0: Not a Combination Product']",['03/17/2020'],['CISATRACURIUM BESYLATE (UNII: 80YS8O1MBS)  (CISATRACURIUM - UNII:QX62KLI41N)'],['CISATRACURIUM'],['2mg in1mL']
CISATRACURIUM,"['NDC:71288-720-96', 'NDC:71288-720-95']","['10  in 1 CARTON', '5 mL in 1 VIAL, SINGLE-DOSE; Type 0: Not a Combination Product']",['10/31/2019'],['CISATRACURIUM BESYLATE (UNII: 80YS8O1MBS)  (CISATRACURIUM - UNII:QX62KLI41N)'],['CISATRACURIUM'],['10mg in5mL']
CISATRACURIUM,"['NDC:71288-712-06', 'NDC:71288-712-05']","['10  in 1 CARTON', '5 mL in 1 VIAL, SINGLE-DOSE; Type 0: Not a Combination Product']",['10/31/2019'],['CISATRACURIUM BESYLATE (UNII: 80YS8O1MBS)  (CISATRACURIUM - UNII:QX62KLI41N)'],['CISATRACURIUM'],['10mg in5mL']
CISATRACURIUM,['NDC:25021-668-05'],"['10  in 1 CARTON', '5 mL in 1 VIAL; Type 0: Not a Combination Product']",['11/01/2021'],['cisatracurium besylate (UNII: 80YS8O1MBS)  (cisatracurium - UNII:QX62KLI41N)'],['cisatracurium'],['2mg in1mL']
CISATRACURIUM,"['NDC:70069-141-01', 'NDC:70069-141-10']","['1  in 1 CARTON', '5 mL in 1 VIAL; Type 0: Not a Combination Product', '10  in 1 CARTON', '5 mL in 1 VIAL; Type 0: Not a Combination Product']","['02/04/2019', '02/04/2019']",['CISATRACURIUM BESYLATE (UNII: 80YS8O1MBS)  (CISATRACURIUM - UNII:QX62KLI41N)'],['CISATRACURIUM'],['2mg in1mL']
CISATRACURIUM,"['NDC:70069-161-01', 'NDC:70069-161-10']","['1  in 1 CARTON', '10 mL in 1 VIAL; Type 0: Not a Combination Product', '10  in 1 CARTON', '10 mL in 1 VIAL, MULTI-DOSE; Type 0: Not a Combination Product']","['08/02/2019', '08/02/2019']",['CISATRACURIUM BESYLATE (UNII: 80YS8O1MBS)  (CISATRACURIUM - UNII:QX62KLI41N)'],['CISATRACURIUM'],['2mg in1mL']
CISATRACURIUM,['NDC:0703-2033-03'],"['10  in 1 BOX', '1  in 1 CARTON', '5 mL in 1 VIAL; Type 0: Not a Combination Product']",['09/04/2018'],['CISATRACURIUM BESYLATE (UNII: 80YS8O1MBS)  (CISATRACURIUM - UNII:QX62KLI41N)'],['CISATRACURIUM'],['10mg in5mL']
CISATRACURIUM,"['NDC:70710-1532-6', 'NDC:70710-1532-1']","['10  in 1 CARTON', '5 mL in 1 VIAL; Type 0: Not a Combination Product']",['02/12/2020'],['CISATRACURIUM BESYLATE (UNII: 80YS8O1MBS)  (CISATRACURIUM - UNII:QX62KLI41N)'],['CISATRACURIUM'],['2mg in1mL']
CISATRACURIUM,"['NDC:70710-1533-6', 'NDC:70710-1533-1']","['10  in 1 CARTON', '10 mL in 1 VIAL; Type 0: Not a Combination Product']",['11/05/2020'],['CISATRACURIUM BESYLATE (UNII: 80YS8O1MBS)  (CISATRACURIUM - UNII:QX62KLI41N)'],['CISATRACURIUM'],['2mg in1mL']
CISATRACURIUM,"['NDC:63323-416-05', 'NDC:63323-416-01']","['10  in 1 CARTON', '5 mL in 1 VIAL; Type 0: Not a Combination Product']",['02/26/2015'],['CISATRACURIUM BESYLATE (UNII: 80YS8O1MBS)  (CISATRACURIUM - UNII:QX62KLI41N)'],['CISATRACURIUM'],['2mg in1mL']
CISATRACURIUM,['NDC:0074-4382-20'],"['20 mL in 1 VIAL, SINGLE-DOSE; Type 0: Not a Combination Product']",['12/15/1995'],['CISATRACURIUM BESYLATE (UNII: 80YS8O1MBS)  (CISATRACURIUM - UNII:QX62KLI41N)'],['CISATRACURIUM'],['10mg in1mL']
MIDAZOLAM,['NDC:52533-001-75'],['100 mL in 1 BAG'],[],['MIDAZOLAM HYDROCHLORIDE (UNII: W7TTW573JJ)  (MIDAZOLAM - UNII:R60L0SM5BC)'],['MIDAZOLAM'],['1mg in1mL']
MIDAZOLAM,['NDC:52533-001-60'],"['3 mL in 1 SYRINGE, PLASTIC']",[],['MIDAZOLAM HYDROCHLORIDE (UNII: W7TTW573JJ)  (MIDAZOLAM - UNII:R60L0SM5BC)'],['MIDAZOLAM'],['1mg in1mL']
MIDAZOLAM,['NDC:52533-001-31'],['50 mL in 1 BAG'],[],['MIDAZOLAM HYDROCHLORIDE (UNII: W7TTW573JJ)  (MIDAZOLAM - UNII:R60L0SM5BC)'],['MIDAZOLAM'],['1mg in1mL']
MIDAZOLAM,['NDC:52533-157-75'],['100 mL in 1 BAG'],[],['MIDAZOLAM HYDROCHLORIDE (UNII: W7TTW573JJ)  (MIDAZOLAM - UNII:R60L0SM5BC)'],['MIDAZOLAM'],['0.5mg in1mL']
MIDAZOLAM,['NDC:52533-001-72'],['125 mL in 1 BAG'],[],['MIDAZOLAM HYDROCHLORIDE (UNII: W7TTW573JJ)  (Midazolam - UNII:R60L0SM5BC)'],['MIDAZOLAM HYDROCHLORIDE'],['1mg in1mL']
MIDAZOLAM,['NDC:52533-001-77'],['50 mL in 1 BAG; Type 0: Not a Combination Product'],['06/28/2013'],['MIDAZOLAM HYDROCHLORIDE (UNII: W7TTW573JJ)  (MIDAZOLAM - UNII:R60L0SM5BC)'],['MIDAZOLAM'],['1mg in1mL']
MIDAZOLAM,['NDC:52533-001-05'],"['30 mL in 1 VIAL, PATENT DELIVERY SYSTEM; Type 0: Not a Combination Product']",[],['MIDAZOLAM HYDROCHLORIDE (UNII: W7TTW573JJ)  (MIDAZOLAM - UNII:R60L0SM5BC)'],['MIDAZOLAM'],['1mg in1mL']
MIDAZOLAM,['NDC:52533-001-71'],['100 mL in 1 BAG'],[],['MIDAZOLAM HYDROCHLORIDE (UNII: W7TTW573JJ)  (Midazolam - UNII:R60L0SM5BC)'],['MIDAZOLAM HYDROCHLORIDE'],['1mg in1mL']
MIDAZOLAM,['NDC:52533-001-01'],['100 mL in 1 BAG'],[],['MIDAZOLAM HYDROCHLORIDE (UNII: W7TTW573JJ)  (MIDAZOLAM - UNII:R60L0SM5BC)'],['MIDAZOLAM'],['1mg in1mL']
MIDAZOLAM,['NDC:52533-157-45'],"['1 mL in 1 SYRINGE, PLASTIC']",[],['MIDAZOLAM HYDROCHLORIDE (UNII: W7TTW573JJ)  (MIDAZOLAM - UNII:R60L0SM5BC)'],['MIDAZOLAM'],['0.5mg in1mL']
MIDAZOLAM,['NDC:52533-001-16'],"['2 mL in 1 SYRINGE, PLASTIC']",[],['MIDAZOLAM HYDROCHLORIDE (UNII: W7TTW573JJ)  (MIDAZOLAM - UNII:R60L0SM5BC)'],['MIDAZOLAM'],['1mg in1mL']
MIDAZOLAM,"['NDC:44567-610-10', 'NDC:44567-610-01']","['10  in 1 CARTON', '50 mL in 1 BAG; Type 0: Not a Combination Product']",['04/19/2021'],['MIDAZOLAM HYDROCHLORIDE (UNII: W7TTW573JJ)  (MIDAZOLAM - UNII:R60L0SM5BC)'],['MIDAZOLAM'],['1mg in1mL']
NOREPINEPHRINE,"['NDC:36000-162-10', 'NDC:36000-162-01']","['10  in 1 CARTON', '04 mL in 1 AMPULE; Type 0: Not a Combination Product']",['04/01/2012'],['NOREPINEPHRINE BITARTRATE (UNII: IFY5PE3ZRW)  (NOREPINEPHRINE - UNII:X4W3ENH1CV)'],['NOREPINEPHRINE'],['1mg in1mL']
NOREPINEPHRINE,"['NDC:68083-437-10', 'NDC:68083-437-01']","['10  in 1 CARTON', '4 mL in 1 VIAL, SINGLE-DOSE; Type 0: Not a Combination Product']",['05/12/2021'],['NOREPINEPHRINE BITARTRATE (UNII: IFY5PE3ZRW)  (NOREPINEPHRINE - UNII:X4W3ENH1CV)'],['NOREPINEPHRINE'],['1mg in1mL']
NOREPINEPHRINE,"['NDC:0143-9318-10', 'NDC:0143-9318-01']","['10  in 1 CARTON', '4 mL in 1 VIAL; Type 0: Not a Combination Product']",['08/01/2018'],['NOREPINEPHRINE BITARTRATE (UNII: IFY5PE3ZRW)  (NOREPINEPHRINE - UNII:X4W3ENH1CV)'],['NOREPINEPHRINE'],['1mg in1mL']
NOREPINEPHRINE,['NDC:0338-0112-20'],"['20  in 1 CARTON', '250 mL in 1 BAG; Type 9: Other Type of Part 3 Combination Product (e.g., Drug/Device/Biological Product)']",['01/15/2021'],['NOREPINEPHRINE BITARTRATE (UNII: IFY5PE3ZRW)  (NOREPINEPHRINE - UNII:X4W3ENH1CV)'],['NOREPINEPHRINE'],['4mg in250mL']
NOREPINEPHRINE,['NDC:52533-164-18'],['250 mL in 1 BAG'],[],['Norepinephrine Bitartrate (UNII: IFY5PE3ZRW)  (Norepinephrine - UNII:X4W3ENH1CV)'],['Norepinephrine'],['64ug in1mL']
NOREPINEPHRINE,['NDC:52533-166-18'],['250 mL in 1 BAG'],[],['Norepinephrine Bitartrate (UNII: IFY5PE3ZRW)  (Norepinephrine - UNII:X4W3ENH1CV)'],['Norepinephrine'],['32ug in1mL']
NOREPINEPHRINE,['NDC:52533-165-18'],['250 mL in 1 BAG'],[],['Norepinephrine Bitartrate (UNII: IFY5PE3ZRW)  (Norepinephrine - UNII:X4W3ENH1CV)'],['Norepinephrine'],['16ug in1mL']
NOREPINEPHRINE,"['NDC:70121-1576-7', 'NDC:70121-1576-1']","['10  in 1 CARTON', '4 mL in 1 VIAL; Type 0: Not a Combination Product']",['12/17/2018'],['NOREPINEPHRINE BITARTRATE (UNII: IFY5PE3ZRW)  (NOREPINEPHRINE - UNII:X4W3ENH1CV)'],['NOREPINEPHRINE'],['1mg in1mL']
NOREPINEPHRINE,"['NDC:51991-983-17', 'NDC:51991-983-99']","['10  in 1 CARTON', '4 mL in 1 VIAL, SINGLE-DOSE; Type 0: Not a Combination Product']",['07/01/2021'],['Norepinephrine Bitartrate (UNII: IFY5PE3ZRW)  (Norepinephrine - UNII:X4W3ENH1CV)'],['Norepinephrine'],['1mg in1mL']
NOREPINEPHRINE,"['NDC:72572-481-10', 'NDC:72572-481-01']","['10  in 1 CARTON', '4 mL in 1 VIAL, SINGLE-DOSE; Type 0: Not a Combination Product']",['03/12/2021'],['NOREPINEPHRINE BITARTRATE (UNII: IFY5PE3ZRW)  (NOREPINEPHRINE - UNII:X4W3ENH1CV)'],['NOREPINEPHRINE'],['1mg in1mL']
NOREPINEPHRINE,"['NDC:67457-852-04', 'NDC:67457-852-00']","['10  in 1 CARTON', '4 mL in 1 VIAL, SINGLE-DOSE; Type 0: Not a Combination Product']",['10/15/2018'],['NOREPINEPHRINE BITARTRATE (UNII: IFY5PE3ZRW)  (NOREPINEPHRINE - UNII:X4W3ENH1CV)'],['NOREPINEPHRINE'],['1mg in1mL']
NOREPINEPHRINE,"['NDC:72078-002-04', 'NDC:72078-002-00']","['10  in 1 CARTON', '4 mL in 1 VIAL, SINGLE-DOSE; Type 0: Not a Combination Product']",['12/04/2020'],['NOREPINEPHRINE BITARTRATE (UNII: IFY5PE3ZRW)  (NOREPINEPHRINE - UNII:X4W3ENH1CV)'],['NOREPINEPHRINE'],['1mg in1mL']
NOREPINEPHRINE,"['NDC:0781-3755-95', 'NDC:0781-3755-75']","['10  in 1 CARTON', '4 mL in 1 VIAL, SINGLE-DOSE; Type 0: Not a Combination Product']",['04/23/2019'],['NOREPINEPHRINE BITARTRATE (UNII: IFY5PE3ZRW)  (NOREPINEPHRINE - UNII:X4W3ENH1CV)'],['NOREPINEPHRINE'],['1mg in1mL']
NOREPINEPHRINE,['NDC:47335-615-44'],"['10  in 1 CARTON', '4 mL in 1 VIAL, SINGLE-DOSE; Type 0: Not a Combination Product']",['07/01/2021'],['NOREPINEPHRINE BITARTRATE (UNII: IFY5PE3ZRW)  (NOREPINEPHRINE - UNII:X4W3ENH1CV)'],['NOREPINEPHRINE'],['1mg in1mL']
NOREPINEPHRINE,"['NDC:0703-1153-03', 'NDC:0703-1153-01']","['10  in 1 CARTON', '4 mL in 1 VIAL, SINGLE-USE; Type 0: Not a Combination Product']",['04/01/2003'],['NOREPINEPHRINE BITARTRATE (UNII: IFY5PE3ZRW)  (NOREPINEPHRINE - UNII:X4W3ENH1CV)'],['NOREPINEPHRINE'],['1mg in1mL']
NOREPINEPHRINE,"['NDC:0703-1153-83', 'NDC:0703-1153-81']","['10  in 1 CARTON', '4 mL in 1 VIAL, SINGLE-USE; Type 0: Not a Combination Product']",['06/01/2021'],['NOREPINEPHRINE BITARTRATE (UNII: IFY5PE3ZRW)  (NOREPINEPHRINE - UNII:X4W3ENH1CV)'],['NOREPINEPHRINE'],['1mg in1mL']
NOREPINEPHRINE,['NDC:25021-316-04'],"['10  in 1 CARTON', '4 mL in 1 VIAL; Type 0: Not a Combination Product']",['07/01/2021'],['Norepinephrine Bitartrate (UNII: IFY5PE3ZRW)  (Norepinephrine - UNII:X4W3ENH1CV)'],['Norepinephrine'],['1mg in1mL']
NOREPINEPHRINE,"['NDC:63323-940-04', 'NDC:63323-940-21']","['10  in 1 CARTON', '4 mL in 1 VIAL, SINGLE-DOSE; Type 0: Not a Combination Product']",['03/01/2021'],['NOREPINEPHRINE BITARTRATE (UNII: IFY5PE3ZRW)  (NOREPINEPHRINE - UNII:X4W3ENH1CV)'],['NOREPINEPHRINE'],['1mg in1mL']
NOREPINEPHRINE,"['NDC:51662-1315-1', 'NDC:51662-1315-3', 'NDC:51662-1315-2']","['4 mL in 1 VIAL, SINGLE-DOSE; Type 0: Not a Combination Product', '10  in 1 CASE', '1 mL in 1 POUCH; Type 0: Not a Combination Product']","['10/18/2018', '09/26/2020']",['NOREPINEPHRINE BITARTRATE (UNII: IFY5PE3ZRW)  (NOREPINEPHRINE - UNII:X4W3ENH1CV)'],['NOREPINEPHRINE'],['1mg in1mL']
NOREPINEPHRINE,['NDC:51662-1528-1'],['4 mL in 1 VIAL; Type 0: Not a Combination Product'],['08/08/2021'],['NOREPINEPHRINE BITARTRATE (UNII: IFY5PE3ZRW)  (NOREPINEPHRINE - UNII:X4W3ENH1CV)'],['NOREPINEPHRINE'],['1mg in1mL']
NOREPINEPHRINE,"['NDC:0409-3375-04', 'NDC:0409-3375-14']","['10  in 1 CARTON', '4 mL in 1 VIAL, SINGLE-DOSE; Type 0: Not a Combination Product']",['04/27/2009'],['NOREPINEPHRINE BITARTRATE (UNII: IFY5PE3ZRW)  (NOREPINEPHRINE - UNII:X4W3ENH1CV)'],['NOREPINEPHRINE'],['1mg in1mL']
NOREPINEPHRINE,"['NDC:76014-005-25', 'NDC:76014-005-30']","['25  in 1 CARTON', '1 mL in 1 VIAL, SINGLE-DOSE; Type 0: Not a Combination Product']",['08/01/2016'],['EPHEDRINE SULFATE (UNII: U6X61U5ZEG)  (EPHEDRINE - UNII:GN83C131XS)'],['EPHEDRINE SULFATE'],['50mg in1mL']
NOREPINEPHRINE,"['NDC:68001-330-60', 'NDC:68001-330-59']","['25  in 1 CARTON', '1 mL in 1 VIAL, SINGLE-DOSE; Type 0: Not a Combination Product']",['06/30/2017'],['EPHEDRINE SULFATE (UNII: U6X61U5ZEG)  (EPHEDRINE - UNII:GN83C131XS)'],['EPHEDRINE SULFATE'],['50mg in1mL']
NOREPINEPHRINE,['NDC:51754-4200-4'],"['25  in 1 CARTON', '1 mL in 1 VIAL, SINGLE-DOSE; Type 0: Not a Combination Product']",['04/15/2021'],['EPHEDRINE SULFATE (UNII: U6X61U5ZEG)  (EPHEDRINE - UNII:GN83C131XS)'],['EPHEDRINE SULFATE'],['50mg in1mL']
NOREPINEPHRINE,"['NDC:42023-196-25', 'NDC:42023-196-01']","['25  in 1 CARTON', '1 mL in 1 VIAL; Type 0: Not a Combination Product']",['02/16/2017'],['EPHEDRINE SULFATE (UNII: U6X61U5ZEG)  (EPHEDRINE - UNII:GN83C131XS)'],['EPHEDRINE SULFATE'],['50mg in1mL']
DEXMEDETOMIDINE,['NDC:17478-055-02'],"['10  in 1 CARTON', '2 mL in 1 VIAL, SINGLE-DOSE; Type 0: Not a Combination Product']",['11/24/2014'],['Dexmedetomidine Hydrochloride (UNII: 1018WH7F9I)  (Dexmedetomidine - UNII:67VB76HONO)'],['Dexmedetomidine'],['100ug in1mL']
DEXMEDETOMIDINE,"['NDC:0143-9532-25', 'NDC:0143-9532-01']","['25  in 1 CARTON', '2 mL in 1 VIAL; Type 0: Not a Combination Product']",['04/26/2017'],['DEXMEDETOMIDINE HYDROCHLORIDE (UNII: 1018WH7F9I)  (DEXMEDETOMIDINE - UNII:67VB76HONO)'],['DEXMEDETOMIDINE'],['100ug in1mL']
DEXMEDETOMIDINE,['NDC:43066-555-24'],"['24  in 1 CARTON', '50 mL in 1 BAG; Type 0: Not a Combination Product']",['08/27/2019'],['DEXMEDETOMIDINE HYDROCHLORIDE (UNII: 1018WH7F9I)  (DEXMEDETOMIDINE - UNII:67VB76HONO)'],['DEXMEDETOMIDINE'],['200ug in50mL']
DEXMEDETOMIDINE,['NDC:0781-3493-95'],"['10  in 1 CARTON', '20 mL in 1 VIAL; Type 0: Not a Combination Product']",['06/12/2020'],['DEXMEDETOMIDINE HYDROCHLORIDE (UNII: 1018WH7F9I)  (DEXMEDETOMIDINE - UNII:67VB76HONO)'],['DEXMEDETOMIDINE'],['4ug in1mL']
DEXMEDETOMIDINE,['NDC:0338-9555-24'],"['24  in 1 CARTON', '50 mL in 1 BAG; Type 0: Not a Combination Product']",['08/21/2018'],['DEXMEDETOMIDINE HYDROCHLORIDE (UNII: 1018WH7F9I)  (DEXMEDETOMIDINE - UNII:67VB76HONO)'],['DEXMEDETOMIDINE'],['200ug in50mL']
DEXMEDETOMIDINE,['NDC:43066-561-24'],"['24  in 1 CARTON', '50 mL in 1 BAG; Type 0: Not a Combination Product']",['08/27/2019'],['DEXMEDETOMIDINE HYDROCHLORIDE (UNII: 1018WH7F9I)  (DEXMEDETOMIDINE - UNII:67VB76HONO)'],['DEXMEDETOMIDINE'],['200ug in50mL']
DEXMEDETOMIDINE,"['NDC:72572-127-10', 'NDC:72572-127-01']","['10  in 1 CARTON', '50 mL in 1 BOTTLE; Type 0: Not a Combination Product']",['08/23/2021'],['DEXMEDETOMIDINE HYDROCHLORIDE (UNII: 1018WH7F9I)  (DEXMEDETOMIDINE - UNII:67VB76HONO)'],['DEXMEDETOMIDINE'],['4ug in1mL']
DEXMEDETOMIDINE,"['NDC:68083-238-20', 'NDC:68083-238-01']","['20  in 1 CARTON', '50 mL in 1 VIAL; Type 0: Not a Combination Product']",['06/03/2020'],['DEXMEDETOMIDINE HYDROCHLORIDE (UNII: 1018WH7F9I)  (DEXMEDETOMIDINE - UNII:67VB76HONO)'],['DEXMEDETOMIDINE'],['4ug in1mL']
DEXMEDETOMIDINE,"['NDC:66794-234-44', 'NDC:66794-234-02']","['20  in 1 CARTON', '50 mL in 1 VIAL; Type 0: Not a Combination Product']",['04/01/2021'],['DEXMEDETOMIDINE HYDROCHLORIDE (UNII: 1018WH7F9I)  (DEXMEDETOMIDINE - UNII:67VB76HONO)'],['DEXMEDETOMIDINE'],['4ug in1mL']
DEXMEDETOMIDINE,"['NDC:71225-132-02', 'NDC:71225-132-01']","['10  in 1 CARTON', '50 mL in 1 BOTTLE; Type 0: Not a Combination Product']",['10/20/2021'],['DEXMEDETOMIDINE HYDROCHLORIDE (UNII: 1018WH7F9I)  (DEXMEDETOMIDINE - UNII:67VB76HONO)'],['DEXMEDETOMIDINE'],['4ug in1mL']
DEXMEDETOMIDINE,"['NDC:71225-126-05', 'NDC:71225-126-02', 'NDC:71225-126-06', 'NDC:71225-126-03', 'NDC:71225-126-04', 'NDC:71225-126-01']","['20  in 1 CARTON', '50 mL in 1 BOTTLE; Type 0: Not a Combination Product', '10  in 1 CARTON', '100 mL in 1 BOTTLE; Type 0: Not a Combination Product', '10  in 1 CARTON', '20 mL in 1 VIAL; Type 0: Not a Combination Product']","['12/06/2019', '12/06/2019', '12/11/2021']",['DEXMEDETOMIDINE HYDROCHLORIDE (UNII: 1018WH7F9I)  (DEXMEDETOMIDINE - UNII:67VB76HONO)'],['DEXMEDETOMIDINE'],['4ug in1mL']
DEXMEDETOMIDINE,"['NDC:70121-1388-8', 'NDC:70121-1388-1']","['20  in 1 CARTON', '50 mL in 1 BOTTLE, GLASS; Type 0: Not a Combination Product']",['05/20/2020'],['DEXMEDETOMIDINE HYDROCHLORIDE (UNII: 1018WH7F9I)  (DEXMEDETOMIDINE - UNII:67VB76HONO)'],['DEXMEDETOMIDINE'],['4ug in1mL']
DEXMEDETOMIDINE,"['NDC:70771-1319-7', 'NDC:70771-1319-1']","['25  in 1 CARTON', '2 mL in 1 VIAL; Type 0: Not a Combination Product']",['06/14/2018'],['DEXMEDETOMIDINE HYDROCHLORIDE (UNII: 1018WH7F9I)  (DEXMEDETOMIDINE - UNII:67VB76HONO)'],['DEXMEDETOMIDINE'],['100ug in1mL']
DEXMEDETOMIDINE,['NDC:42023-146-25'],"['25  in 1 CARTON', '2 mL in 1 VIAL; Type 0: Not a Combination Product']",['08/19/2014'],['DEXMEDETOMIDINE HYDROCHLORIDE (UNII: 1018WH7F9I)  (DEXMEDETOMIDINE - UNII:67VB76HONO)'],['DEXMEDETOMIDINE'],['100ug in1mL']
DEXMEDETOMIDINE,['NDC:44567-600-04'],"['4  in 1 CARTON', '4 mL in 1 VIAL; Type 0: Not a Combination Product']",['01/26/2017'],['DEXMEDETOMIDINE HYDROCHLORIDE (UNII: 1018WH7F9I)  (DEXMEDETOMIDINE - UNII:67VB76HONO)'],['DEXMEDETOMIDINE'],['100ug in1mL']
DEXMEDETOMIDINE,[],[],[],['DEXMEDETOMIDINE HYDROCHLORIDE (UNII: 1018WH7F9I)  (DEXMEDETOMIDINE - UNII:67VB76HONO)'],['DEXMEDETOMIDINE'],['100ug in1mL']
DEXMEDETOMIDINE,"['NDC:43598-976-58', 'NDC:43598-976-11']","['10  in 1 CARTON', '50 mL in 1 VIAL; Type 0: Not a Combination Product']",['08/17/2020'],['Dexmedetomidine Hydrochloride (UNII: 1018WH7F9I)  (Dexmedetomidine - UNII:67VB76HONO)'],['Dexmedetomidine'],['4ug in1mL']
DEXMEDETOMIDINE,"['NDC:63323-671-20', 'NDC:63323-671-02', 'NDC:63323-671-50', 'NDC:63323-671-05', 'NDC:63323-671-00', 'NDC:63323-671-01']","['10  in 1 CARTON', '20 mL in 1 VIAL, SINGLE-DOSE; Type 0: Not a Combination Product', '25  in 1 CARTON', '50 mL in 1 BOTTLE, GLASS; Type 0: Not a Combination Product', '10  in 1 CARTON', '100 mL in 1 BOTTLE, GLASS; Type 0: Not a Combination Product']","['05/13/2019', '05/13/2019', '05/13/2019']",['DEXMEDETOMIDINE HYDROCHLORIDE\n (UNII: 1018WH7F9I)  (DEXMEDETOMIDINE - UNII:67VB76HONO)'],['DEXMEDETOMIDINE'],['4ug in1mL']
DEXMEDETOMIDINE,"['NDC:63323-421-02', 'NDC:63323-421-01']","['25  in 1 TRAY', '2 mL in 1 VIAL; Type 0: Not a Combination Product']",['09/18/2015'],['DEXMEDETOMIDINE HYDROCHLORIDE\n (UNII: 1018WH7F9I)  (DEXMEDETOMIDINE - UNII:67VB76HONO)'],['DEXMEDETOMIDINE'],['100ug in1mL']
DEXMEDETOMIDINE,['NDC:0143-9526-10'],"['10  in 1 CASE', '1  in 1 POUCH', '50 mL in 1 BAG; Type 0: Not a Combination Product']",['01/30/2020'],['DEXMEDETOMIDINE HYDROCHLORIDE (UNII: 1018WH7F9I)  (DEXMEDETOMIDINE - UNII:67VB76HONO)'],['DEXMEDETOMIDINE'],['4ug in1mL']
DEXMEDETOMIDINE,"['NDC:67457-924-50', 'NDC:67457-924-00']","['20  in 1 CARTON', '50 mL in 1 BOTTLE; Type 0: Not a Combination Product']",['11/13/2020'],['DEXMEDETOMIDINE HYDROCHLORIDE (UNII: 1018WH7F9I)  (DEXMEDETOMIDINE - UNII:67VB76HONO)'],['DEXMEDETOMIDINE'],['200ug in50mL']
DEXMEDETOMIDINE,"['NDC:57664-596-50', 'NDC:57664-596-40']","['25  in 1 CARTON', '2 mL in 1 VIAL, SINGLE-DOSE; Type 0: Not a Combination Product']",['04/08/2015'],['DEXMEDETOMIDINE HYDROCHLORIDE (UNII: 1018WH7F9I)  (DEXMEDETOMIDINE - UNII:67VB76HONO)'],['DEXMEDETOMIDINE'],['100ug in1mL']
DEXMEDETOMIDINE,"['NDC:68094-047-10', 'NDC:68094-047-01']","['10  in 1 CARTON', '20 mL in 1 VIAL; Type 0: Not a Combination Product']",['11/23/2020'],['Dexmedetomidine Hydrochloride (UNII: 1018WH7F9I)  (dexmedetomidine - UNII:67VB76HONO)'],['dexmedetomidine'],['4ug in1mL']
DEXMEDETOMIDINE,"['NDC:51224-015-10', 'NDC:51224-015-01']","['10  in 1 CARTON', '20 mL in 1 VIAL; Type 0: Not a Combination Product']",['11/23/2020'],['Dexmedetomidine Hydrochloride (UNII: 1018WH7F9I)  (dexmedetomidine - UNII:67VB76HONO)'],['dexmedetomidine'],['4ug in1mL']
DEXMEDETOMIDINE,"['NDC:16729-432-93', 'NDC:16729-432-30']","['25  in 1 CARTON', '2 mL in 1 VIAL; Type 0: Not a Combination Product']",['08/31/2018'],['DEXMEDETOMIDINE HYDROCHLORIDE (UNII: 1018WH7F9I)  (DEXMEDETOMIDINE - UNII:67VB76HONO)'],['DEXMEDETOMIDINE'],['100ug in1mL']
DEXMEDETOMIDINE,"['NDC:16729-239-93', 'NDC:16729-239-30']","['25  in 1 CARTON', '2 mL in 1 VIAL; Type 0: Not a Combination Product']",['12/21/2016'],['DEXMEDETOMIDINE HYDROCHLORIDE (UNII: 1018WH7F9I)  (DEXMEDETOMIDINE - UNII:67VB76HONO)'],['DEXMEDETOMIDINE'],['100ug in1mL']
DEXMEDETOMIDINE,"['NDC:70860-605-02', 'NDC:70860-605-41', 'NDC:70860-605-03', 'NDC:70860-605-41']","['10  in 1 CARTON', '2 mL in 1 VIAL; Type 0: Not a Combination Product', '25  in 1 CARTON', '2 mL in 1 VIAL; Type 0: Not a Combination Product']","['03/01/2018', '03/01/2018']",['dexmedetomidine hydrochloride (UNII: 1018WH7F9I)  (dexmedetomidine - UNII:67VB76HONO)'],['dexmedetomidine'],['100ug in1mL']
DEXMEDETOMIDINE,"['NDC:67457-251-02', 'NDC:67457-251-00']","['25  in 1 CARTON', '2 mL in 1 VIAL, GLASS; Type 0: Not a Combination Product']",['08/18/2014'],['DEXMEDETOMIDINE HYDROCHLORIDE (UNII: 1018WH7F9I)  (DEXMEDETOMIDINE - UNII:67VB76HONO)'],['DEXMEDETOMIDINE'],['100ug in1mL']
DEXMEDETOMIDINE,['NDC:55150-209-02'],"['25  in 1 CARTON', '2 mL in 1 VIAL; Type 0: Not a Combination Product']",['03/17/2016'],['DEXMEDETOMIDINE HYDROCHLORIDE (UNII: 1018WH7F9I)  (DEXMEDETOMIDINE - UNII:67VB76HONO)'],['DEXMEDETOMIDINE'],['100ug in1mL']
DEXMEDETOMIDINE,"['NDC:71288-505-03', 'NDC:71288-505-02']","['25  in 1 CARTON', '2 mL in 1 VIAL, SINGLE-DOSE; Type 0: Not a Combination Product']",['01/18/2019'],['DEXMEDETOMIDINE HYDROCHLORIDE (UNII: 1018WH7F9I)  (DEXMEDETOMIDINE - UNII:67VB76HONO)'],['DEXMEDETOMIDINE'],['100ug in1mL']
DEXMEDETOMIDINE,"['NDC:66794-238-43', 'NDC:66794-238-02', 'NDC:66794-238-41', 'NDC:66794-238-02']","['10  in 1 CARTON', '2 mL in 1 VIAL; Type 0: Not a Combination Product', '25  in 1 CARTON', '2 mL in 1 VIAL; Type 0: Not a Combination Product']","['04/24/2020', '04/24/2020']",['DEXMEDETOMIDINE HYDROCHLORIDE (UNII: 1018WH7F9I)  (DEXMEDETOMIDINE - UNII:67VB76HONO)'],['DEXMEDETOMIDINE'],['100ug in1mL']
DEXMEDETOMIDINE,"['NDC:66794-233-42', 'NDC:66794-233-02']","['25  in 1 CARTON', '2 mL in 1 VIAL, GLASS; Type 0: Not a Combination Product']",['05/01/2021'],['DEXMEDETOMIDINE HYDROCHLORIDE (UNII: 1018WH7F9I)  (DEXMEDETOMIDINE - UNII:67VB76HONO)'],['DEXMEDETOMIDINE'],['200ug in2mL']
DEXMEDETOMIDINE,"['NDC:66794-230-42', 'NDC:66794-230-02']","['25  in 1 CARTON', '2 mL in 1 VIAL, GLASS; Type 0: Not a Combination Product']",['01/19/2021'],['DEXMEDETOMIDINE HYDROCHLORIDE (UNII: 1018WH7F9I)  (DEXMEDETOMIDINE - UNII:67VB76HONO)'],['DEXMEDETOMIDINE'],['200ug in2mL']
DEXMEDETOMIDINE,['NDC:71872-7218-1'],"['1  in 1 BAG', '2 mL in 1 VIAL; Type 0: Not a Combination Product']",['07/15/2020'],['DEXMEDETOMIDINE HYDROCHLORIDE (UNII: 1018WH7F9I)  (DEXMEDETOMIDINE - UNII:67VB76HONO)'],['DEXMEDETOMIDINE'],['100ug in1mL']
DEXMEDETOMIDINE,['NDC:71872-7031-1'],"['1  in 1 BAG', '2 mL in 1 VIAL; Type 0: Not a Combination Product']",['03/02/2020'],['DEXMEDETOMIDINE HYDROCHLORIDE (UNII: 1018WH7F9I)  (DEXMEDETOMIDINE - UNII:67VB76HONO)'],['DEXMEDETOMIDINE'],['100ug in1mL']
DEXMEDETOMIDINE,['NDC:71872-7122-1'],"['1  in 1 BAG', '2 mL in 1 VIAL, SINGLE-DOSE; Type 0: Not a Combination Product']",['03/30/2018'],['DEXMEDETOMIDINE HYDROCHLORIDE (UNII: 1018WH7F9I)  (DEXMEDETOMIDINE - UNII:67VB76HONO)'],['DEXMEDETOMIDINE'],['100ug in1mL']
DEXMEDETOMIDINE,['NDC:71872-7030-1'],"['1  in 1 BAG', '2 mL in 1 VIAL; Type 0: Not a Combination Product']",['02/28/2020'],['DEXMEDETOMIDINE HYDROCHLORIDE (UNII: 1018WH7F9I)  (DEXMEDETOMIDINE - UNII:67VB76HONO)'],['DEXMEDETOMIDINE'],['100ug in1mL']
DEXMEDETOMIDINE,['NDC:71872-7150-1'],"['1  in 1 BAG', '2 mL in 1 VIAL; Type 0: Not a Combination Product']",['01/08/2019'],['DEXMEDETOMIDINE HYDROCHLORIDE (UNII: 1018WH7F9I)  (DEXMEDETOMIDINE - UNII:67VB76HONO)'],['DEXMEDETOMIDINE'],['100ug in1mL']
DEXMEDETOMIDINE,"['NDC:0409-1660-50', 'NDC:0409-1660-55', 'NDC:0409-1660-10', 'NDC:0409-1660-35', 'NDC:0409-1660-20', 'NDC:0409-1660-22']","['20  in 1 TRAY', '50 mL in 1 BOTTLE; Type 0: Not a Combination Product', '10  in 1 TRAY', '100 mL in 1 BOTTLE; Type 0: Not a Combination Product', '10  in 1 CARTON', '20 mL in 1 VIAL; Type 0: Not a Combination Product']","['04/08/2013', '04/08/2013', '01/05/2015']",['DEXMEDETOMIDINE HYDROCHLORIDE (UNII: 1018WH7F9I)  (DEXMEDETOMIDINE - UNII:67VB76HONO)'],['DEXMEDETOMIDINE'],['4ug in1mL']
DEXMEDETOMIDINE,['NDC:52584-638-02'],"['1  in 1 BAG', '2 mL in 1 VIAL; Type 0: Not a Combination Product']",['07/02/2018'],['DEXMEDETOMIDINE HYDROCHLORIDE (UNII: 1018WH7F9I)  (DEXMEDETOMIDINE - UNII:67VB76HONO)'],['DEXMEDETOMIDINE'],['100ug in1mL']
DEXMEDETOMIDINE,['NDC:0404-9938-02'],"['1  in 1 BAG', '2 mL in 1 VIAL; Type 0: Not a Combination Product']",['01/13/2022'],['DEXMEDETOMIDINE HYDROCHLORIDE (UNII: 1018WH7F9I)  (DEXMEDETOMIDINE - UNII:67VB76HONO)'],['DEXMEDETOMIDINE'],['100ug in1mL']
FENTANYL,"['NDC:72572-170-25', 'NDC:72572-170-01']","['25  in 1 CARTON', '2 mL in 1 VIAL; Type 0: Not a Combination Product']",['12/10/2019'],['FENTANYL CITRATE (UNII: MUN5LYG46H)  (FENTANYL - UNII:UF599785JZ)'],['FENTANYL'],['50ug in1mL']
FENTANYL,"['NDC:0641-6247-25', 'NDC:0641-6247-01']","['25  in 1 CARTON', '1 mL in 1 VIAL; Type 0: Not a Combination Product']",['03/18/2021'],['FENTANYL CITRATE (UNII: MUN5LYG46H)  (FENTANYL - UNII:UF599785JZ)'],['FENTANYL'],['50ug in1mL']
FENTANYL,"['NDC:17478-030-02', 'NDC:17478-030-05', 'NDC:17478-030-10', 'NDC:17478-030-20', 'NDC:17478-030-25', 'NDC:17478-030-55']","['10  in 1 CARTON', '2 mL in 1 AMPULE; Type 0: Not a Combination Product', '10  in 1 CARTON', '5 mL in 1 AMPULE; Type 0: Not a Combination Product', '5  in 1 CARTON', '10 mL in 1 AMPULE; Type 0: Not a Combination Product', '5  in 1 CARTON', '20 mL in 1 AMPULE; Type 0: Not a Combination Product', '25  in 1 CARTON', '2 mL in 1 AMPULE; Type 0: Not a Combination Product', '25  in 1 CARTON', '5 mL in 1 AMPULE; Type 0: Not a Combination Product']","['03/22/2012', '03/22/2012', '03/22/2012', '03/22/2012', '03/22/2012', '03/22/2012']",['FENTANYL CITRATE (UNII: MUN5LYG46H)  (FENTANYL - UNII:UF599785JZ)'],['FENTANYL'],['50ug in1mL']
FENTANYL,['NDC:52533-025-10'],"['30 mL in 1 SYRINGE, GLASS']",[],['FENTANYL CITRATE (UNII: MUN5LYG46H)  (FENTANYL - UNII:UF599785JZ)'],['FENTANYL'],['20ug in1mL']
FENTANYL,['NDC:52533-025-75'],['100 mL in 1 BAG'],[],['Fentanyl Citrate (UNII: MUN5LYG46H)  (Fentanyl - UNII:UF599785JZ)'],['Fentanyl'],['20ug in1mL']
FENTANYL,['NDC:52533-074-39'],['20 mL in 1 SYRINGE'],[],['Fentanyl Citrate (UNII: MUN5LYG46H)  (Fentanyl - UNII:UF599785JZ)'],['Fentanyl'],['50ug in1mL']
FENTANYL,['NDC:52533-074-15'],['5 mL in 1 SYRINGE'],[],['Fentanyl Citrate (UNII: MUN5LYG46H)  (Fentanyl - UNII:UF599785JZ)'],['Fentanyl'],['50ug in1mL']
FENTANYL,['NDC:52533-214-60'],"['3 mL in 1 SYRINGE, PLASTIC']",[],['FENTANYL CITRATE (UNII: MUN5LYG46H)  (FENTANYL - UNII:UF599785JZ)'],['FENTANYL'],['5ug in1mL']
FENTANYL,['NDC:52533-025-05'],"['30 mL in 1 VIAL, GLASS']",[],['FENTANYL CITRATE (UNII: MUN5LYG46H)  (FENTANYL - UNII:UF599785JZ)'],['FENTANYL'],['20ug in1mL']
PROPOFOL,"['NDC:43598-265-58', 'NDC:43598-265-20', 'NDC:43598-265-25', 'NDC:43598-265-20']","['10  in 1 CARTON', '20 mL in 1 VIAL; Type 0: Not a Combination Product', '25  in 1 CARTON', '20 mL in 1 VIAL; Type 0: Not a Combination Product']","['11/15/2018', '11/15/2018']",['propofol (UNII: YI7VU623SF)  (propofol - UNII:YI7VU623SF)'],['propofol'],['10mg in1mL']
PROPOFOL,"['NDC:0591-2136-51', 'NDC:0591-2136-55', 'NDC:0591-2136-68', 'NDC:0591-2136-57', 'NDC:0591-2136-95', 'NDC:0591-2136-80']","['20  in 1 CARTON', '50 mL in 1 VIAL; Type 0: Not a Combination Product', '10  in 1 CARTON', '100 mL in 1 VIAL; Type 0: Not a Combination Product', '25  in 1 CARTON', '20 mL in 1 VIAL; Type 0: Not a Combination Product']","['01/07/2016', '01/07/2016', '01/07/2016']",['PROPOFOL (UNII: YI7VU623SF)  (PROPOFOL - UNII:YI7VU623SF)'],['PROPOFOL'],['10mg in1mL']
PROPOFOL,['NDC:11695-2801-1'],"['5  in 1 CARTON', '20 mL in 1 VIAL']",[],['PROPOFOL (UNII: YI7VU623SF)  (PROPOFOL - UNII:YI7VU623SF)'],['PROPOFOL'],['10mg in1mL']
PROPOFOL,"['NDC:72572-583-10', 'NDC:72572-583-01']","['10  in 1 CARTON', '20 mL in 1 VIAL, SINGLE-USE; Type 0: Not a Combination Product']",['09/03/2020'],['PROPOFOL (UNII: YI7VU623SF)  (PROPOFOL - UNII:YI7VU623SF)'],['PROPOFOL'],['10mg in1mL']
PROPOFOL,"['NDC:72572-590-10', 'NDC:72572-590-01']","['10  in 1 CARTON', '20 mL in 1 VIAL; Type 0: Not a Combination Product']",['07/16/2021'],['PROPOFOL (UNII: YI7VU623SF)  (PROPOFOL - UNII:YI7VU623SF)'],['PROPOFOL'],['10mg in1mL']
PROPOFOL,"['NDC:23155-345-42', 'NDC:23155-345-32', 'NDC:23155-345-43', 'NDC:23155-345-33', 'NDC:23155-345-41', 'NDC:23155-345-31', 'NDC:23155-345-44', 'NDC:23155-345-31']","['20  in 1 CARTON', '50 mL in 1 VIAL; Type 0: Not a Combination Product', '10  in 1 CARTON', '100 mL in 1 VIAL; Type 0: Not a Combination Product', '10  in 1 CARTON', '20 mL in 1 VIAL; Type 0: Not a Combination Product', '20  in 1 CARTON', '20 mL in 1 VIAL; Type 0: Not a Combination Product']","['10/12/2021', '10/12/2021', '10/12/2021', '10/12/2021']",['PROPOFOL (UNII: YI7VU623SF)  (PROPOFOL - UNII:YI7VU623SF)'],['PROPOFOL'],['10mg in1mL']
PROPOFOL,"['NDC:0641-6194-10', 'NDC:0641-6194-01']","['10  in 1 CARTON', '20 mL in 1 VIAL, SINGLE-USE; Type 0: Not a Combination Product']",['05/01/2020'],['PROPOFOL (UNII: YI7VU623SF)  (PROPOFOL - UNII:YI7VU623SF)'],['PROPOFOL'],['10mg in1mL']
PROPOFOL,"['NDC:0409-4699-30', 'NDC:0409-4699-50', 'NDC:0409-4699-33', 'NDC:0409-4699-53', 'NDC:0409-4699-24', 'NDC:0409-4699-54']","['5  in 1 CARTON', '20 mL in 1 VIAL; Type 0: Not a Combination Product', '20  in 1 TRAY', '50 mL in 1 VIAL; Type 0: Not a Combination Product', '10  in 1 TRAY', '100 mL in 1 VIAL; Type 0: Not a Combination Product']","['04/04/2006', '04/03/2006', '04/03/2006']",['PROPOFOL (UNII: YI7VU623SF)  (PROPOFOL - UNII:YI7VU623SF)'],['PROPOFOL'],['10mg in1mL']
PROPOFOL,"['NDC:0069-0209-05', 'NDC:0069-0209-01', 'NDC:0069-0209-10', 'NDC:0069-0209-01', 'NDC:0069-0209-25', 'NDC:0069-0209-01']","['5  in 1 CARTON', '20 mL in 1 VIAL; Type 0: Not a Combination Product', '10  in 1 CARTON', '20 mL in 1 VIAL; Type 0: Not a Combination Product', '25  in 1 CARTON', '20 mL in 1 VIAL; Type 0: Not a Combination Product']","['10/05/2020', '10/05/2020', '10/05/2020']",['PROPOFOL (UNII: YI7VU623SF)  (PROPOFOL - UNII:YI7VU623SF)'],['PROPOFOL'],['10mg in1mL']
PROPOFOL,"['NDC:25021-608-20', 'NDC:25021-608-50', 'NDC:25021-608-51']","['25  in 1 CARTON', '20 mL in 1 VIAL; Type 0: Not a Combination Product', '20  in 1 CARTON', '50 mL in 1 VIAL; Type 0: Not a Combination Product', '10  in 1 CARTON', '100 mL in 1 VIAL; Type 0: Not a Combination Product']","['07/01/2014', '07/01/2014', '07/01/2014']",['propofol (UNII: YI7VU623SF)  (propofol - UNII:YI7VU623SF)'],['propofol'],['10mg in1mL']
PROPOFOL,['NDC:0264-4850-01'],"['10  in 1 CARTON', '100 mL in 1 VIAL; Type 0: Not a Combination Product']",['03/12/2021'],['PROPOFOL (UNII: YI7VU623SF)  (PROPOFOL - UNII:YI7VU623SF)'],['PROPOFOL'],['10mg in1mL']
PROPOFOL,['NDC:50090-4569-1'],['50 mL in 1 VIAL; Type 0: Not a Combination Product'],['09/27/2019'],['PROPOFOL (UNII: YI7VU623SF)  (PROPOFOL - UNII:YI7VU623SF)'],['PROPOFOL'],['10mg in1mL']
PROPOFOL,['NDC:52584-699-33'],"['1  in 1 BAG', '50 mL in 1 VIAL; Type 0: Not a Combination Product']",['10/13/2016'],['PROPOFOL (UNII: YI7VU623SF)  (PROPOFOL - UNII:YI7VU623SF)'],['PROPOFOL'],['10mg in1mL']
PROPOFOL,['NDC:52584-098-55'],"['1  in 1 BAG', '50 mL in 1 VIAL; Type 0: Not a Combination Product']",['02/20/2020'],['PROPOFOL (UNII: YI7VU623SF)  (PROPOFOL - UNII:YI7VU623SF)'],['PROPOFOL'],['10mg in1mL']
PROPOFOL,['NDC:0404-9943-50'],"['1  in 1 BAG', '50 mL in 1 VIAL; Type 0: Not a Combination Product']",['01/13/2022'],['PROPOFOL (UNII: YI7VU623SF)  (PROPOFOL - UNII:YI7VU623SF)'],['PROPOFOL'],['10mg in1mL']
PROPOFOL,['NDC:51662-1293-1'],['20 mL in 1 VIAL; Type 0: Not a Combination Product'],['11/26/2018'],['PROPOFOL (UNII: YI7VU623SF)  (PROPOFOL - UNII:YI7VU623SF)'],['PROPOFOL'],['10mg in1mL']
PROPOFOL,['NDC:51662-1470-1'],['100 mL in 1 VIAL; Type 0: Not a Combination Product'],['12/14/2019'],['PROPOFOL (UNII: YI7VU623SF)  (PROPOFOL - UNII:YI7VU623SF)'],['PROPOFOL'],['10mg in1mL']
PROPOFOL,['NDC:51662-1471-1'],['50 mL in 1 VIAL; Type 0: Not a Combination Product'],['12/15/2019'],['PROPOFOL (UNII: YI7VU623SF)  (PROPOFOL - UNII:YI7VU623SF)'],['PROPOFOL'],['10mg in1mL']
PROPOFOL,['NDC:70518-3256-0'],"['10  in 1 CARTON', '20 mL in 1 VIAL, SINGLE-USE; Type 0: Not a Combination Product']",['10/25/2021'],['PROPOFOL (UNII: YI7VU623SF)  (PROPOFOL - UNII:YI7VU623SF)'],['PROPOFOL'],['10mg in1mL']
PROPOFOL,"['NDC:63323-269-16', 'NDC:63323-269-06', 'NDC:63323-269-37', 'NDC:63323-269-57', 'NDC:63323-269-67']","['10  in 1 BOX', '10 mL in 1 VIAL; Type 0: Not a Combination Product', '10  in 1 BOX', '20 mL in 1 VIAL; Type 0: Not a Combination Product', '20  in 1 BOX', '50 mL in 1 VIAL; Type 0: Not a Combination Product', '10  in 1 BOX', '100 mL in 1 VIAL; Type 0: Not a Combination Product']","['11/17/2009', '11/17/2009', '11/17/2009', '11/17/2009']",['PROPOFOL (UNII: YI7VU623SF)  (PROPOFOL - UNII:YI7VU623SF)'],['PROPOFOL'],['10mg in1mL']
PROPOFOL,"['NDC:63323-269-70', 'NDC:63323-269-77', 'NDC:63323-269-78']","['10  in 1 BOX', '20 mL in 1 VIAL; Type 0: Not a Combination Product', '20  in 1 BOX', '50 mL in 1 VIAL; Type 0: Not a Combination Product', '10  in 1 BOX', '100 mL in 1 VIAL; Type 0: Not a Combination Product']","['11/13/2009', '11/13/2009', '11/13/2009']",['PROPOFOL (UNII: YI7VU623SF)  (PROPOFOL - UNII:YI7VU623SF)'],['PROPOFOL'],['10mg in1mL']
PROPOFOL,"['NDC:63323-269-94', 'NDC:63323-269-59', 'NDC:63323-269-69']","['10  in 1 BOX', '20 mL in 1 VIAL; Type 0: Not a Combination Product', '20  in 1 BOX', '50 mL in 1 VIAL; Type 0: Not a Combination Product', '10  in 1 BOX', '100 mL in 1 VIAL; Type 0: Not a Combination Product']","['11/13/2009', '11/13/2009', '11/13/2009']",['PROPOFOL (UNII: YI7VU623SF)  (PROPOFOL - UNII:YI7VU623SF)'],['PROPOFOL'],['10mg in1mL']
PROPOFOL,"['NDC:65219-800-10', 'NDC:65219-800-01']","['10  in 1 CARTON', '20 mL in 1 VIAL; Type 0: Not a Combination Product']",['01/13/2020'],['PROPOFOL (UNII: YI7VU623SF)  (PROPOFOL - UNII:YI7VU623SF)'],['PROPOFOL'],['10mg in1mL']
PROPOFOL,"['NDC:63323-269-50', 'NDC:63323-269-65', 'NDC:63323-269-29', 'NDC:63323-269-22', 'NDC:63323-269-10']","['20  in 1 BOX', '50 mL in 1 VIAL; Type 0: Not a Combination Product', '10  in 1 BOX', '100 mL in 1 VIAL; Type 0: Not a Combination Product', '10  in 1 BOX', '20 mL in 1 VIAL; Type 0: Not a Combination Product', '10  in 1 BOX', '10 mL in 1 VIAL; Type 0: Not a Combination Product']","['11/13/2009', '11/13/2009', '11/13/2009', '11/13/2009']",['PROPOFOL (UNII: YI7VU623SF)  (PROPOFOL - UNII:YI7VU623SF)'],['PROPOFOL'],['10mg in1mL']
PROPOFOL,['NDC:18124-027-00'],"['10  in 1 BOX', '100 mL in 1 VIAL; Type 0: Not a Combination Product']",['06/05/2020'],['PROPOFOL\n (UNII: YI7VU623SF)  (PROPOFOL - UNII:YI7VU623SF)'],['PROPOFOL\n'],['20mg in1mL']
PROPOFOL,['NDC:65219-427-10'],"['10  in 1 BOX', '100 mL in 1 VIAL; Type 0: Not a Combination Product']",['06/05/2020'],['PROPOFOL\n (UNII: YI7VU623SF)  (PROPOFOL - UNII:YI7VU623SF)'],['PROPOFOL\n'],['20mg in1mL']
PROPOFOL,"['NDC:54771-4944-2', 'NDC:54771-4944-1']","['2  in 1 CARTON', '50 mL in 1 VIAL, MULTI-DOSE', '5  in 1 CARTON', '20 mL in 1 VIAL, MULTI-DOSE']",[],['PROPOFOL (UNII: YI7VU623SF)  (PROPOFOL - UNII:YI7VU623SF)'],['PROPOFOL'],['10mg in1mL']
PROPOFOL,['NDC:54771-5206-1'],"['5  in 1 CARTON', '20 mL in 1 VIAL']",[],['PROPOFOL (UNII: YI7VU623SF)  (PROPOFOL - UNII:YI7VU623SF)'],['PROPOFOL'],['10mg in1mL']
PROPOFOL,['NDC:86064-001-20'],"['5  in 1 CARTON', '20 mL in 1 VIAL']",[],['PROPOFOL (UNII: YI7VU623SF)  (PROPOFOL - UNII:YI7VU623SF)'],['PROPOFOL'],['10mg in1mL']
PROPOFOL,['NDC:52584-269-50'],"['1  in 1 BAG', '50 mL in 1 VIAL; Type 0: Not a Combination Product']",['03/01/2010'],['Propofol (UNII: YI7VU623SF)  (Propofol - UNII:YI7VU623SF)'],['Propofol'],['10mg in1mL']
