drug_name,drug_excipients,drug_exp_conc,drug_configuration,drug_excipients_unii,excipient_name_normalize
CISATRACURIUM,BENZYL ALCOHOL (UNII: LKG8494WBH),,0,LKG8494WBH,BENZYL ALCOHOL
CISATRACURIUM,BENZENESULFONIC ACID (UNII: 685928Z18A),,0,685928Z18A,BENZENESULFONIC ACID
CISATRACURIUM,WATER (UNII: 059QF0KO0R),,0,059QF0KO0R,WATER
CISATRACURIUM,BENZENESULFONIC ACID (UNII: 685928Z18A),,1,685928Z18A,BENZENESULFONIC ACID
CISATRACURIUM,WATER (UNII: 059QF0KO0R),,1,059QF0KO0R,WATER
CISATRACURIUM,BENZENESULFONIC ACID (UNII: 685928Z18A),,2,685928Z18A,BENZENESULFONIC ACID
CISATRACURIUM,WATER (UNII: 059QF0KO0R),,2,059QF0KO0R,WATER
CISATRACURIUM,BENZENESULFONIC ACID (UNII: 685928Z18A),,3,685928Z18A,BENZENESULFONIC ACID
CISATRACURIUM,BENZYL ALCOHOL (UNII: LKG8494WBH),,3,LKG8494WBH,BENZYL ALCOHOL
CISATRACURIUM,WATER (UNII: 059QF0KO0R),,3,059QF0KO0R,WATER
CISATRACURIUM,BENZENESULFONIC ACID (UNII: 685928Z18A),,4,685928Z18A,BENZENESULFONIC ACID
CISATRACURIUM,BENZYL ALCOHOL (UNII: LKG8494WBH),,4,LKG8494WBH,BENZYL ALCOHOL
CISATRACURIUM,WATER (UNII: 059QF0KO0R),,4,059QF0KO0R,WATER
CISATRACURIUM,BENZENESULFONIC ACID (UNII: 685928Z18A),,5,685928Z18A,BENZENESULFONIC ACID
CISATRACURIUM,BENZYL ALCOHOL (UNII: LKG8494WBH),,5,LKG8494WBH,BENZYL ALCOHOL
CISATRACURIUM,WATER (UNII: 059QF0KO0R),,5,059QF0KO0R,WATER
CISATRACURIUM,BENZENESULFONIC ACID (UNII: 685928Z18A),,6,685928Z18A,BENZENESULFONIC ACID
CISATRACURIUM,WATER (UNII: 059QF0KO0R),,6,059QF0KO0R,WATER
CISATRACURIUM,BENZENESULFONIC ACID (UNII: 685928Z18A),,7,685928Z18A,BENZENESULFONIC ACID
CISATRACURIUM,WATER (UNII: 059QF0KO0R),,7,059QF0KO0R,WATER
CISATRACURIUM,BENZENESULFONIC ACID (UNII: 685928Z18A),,8,685928Z18A,BENZENESULFONIC ACID
CISATRACURIUM,WATER (UNII: 059QF0KO0R),,8,059QF0KO0R,WATER
CISATRACURIUM,BENZENESULFONIC ACID (UNII: 685928Z18A),,9,685928Z18A,BENZENESULFONIC ACID
CISATRACURIUM,BENZENESULFONIC ACID (UNII: 685928Z18A),,10,685928Z18A,BENZENESULFONIC ACID
CISATRACURIUM,BENZENESULFONIC ACID (UNII: 685928Z18A),,11,685928Z18A,BENZENESULFONIC ACID
CISATRACURIUM,BENZENESULFONIC ACID (UNII: 685928Z18A),,12,685928Z18A,BENZENESULFONIC ACID
CISATRACURIUM,WATER (UNII: 059QF0KO0R),,12,059QF0KO0R,WATER
CISATRACURIUM,BENZYL ALCOHOL (UNII: LKG8494WBH),,13,LKG8494WBH,BENZYL ALCOHOL
CISATRACURIUM,BENZENESULFONIC ACID (UNII: 685928Z18A),,13,685928Z18A,BENZENESULFONIC ACID
CISATRACURIUM,WATER (UNII: 059QF0KO0R),,13,059QF0KO0R,WATER
CISATRACURIUM,BENZENESULFONIC ACID (UNII: 685928Z18A),,14,685928Z18A,BENZENESULFONIC ACID
CISATRACURIUM,WATER (UNII: 059QF0KO0R),,14,059QF0KO0R,WATER
CISATRACURIUM,BENZENESULFONIC ACID (UNII: 685928Z18A),,15,685928Z18A,BENZENESULFONIC ACID
CISATRACURIUM,WATER (UNII: 059QF0KO0R),,15,059QF0KO0R,WATER
CISATRACURIUM,BENZENESULFONIC ACID (UNII: 685928Z18A),,16,685928Z18A,BENZENESULFONIC ACID
CISATRACURIUM,BENZYL ALCOHOL (UNII: LKG8494WBH),,16,LKG8494WBH,BENZYL ALCOHOL
CISATRACURIUM,WATER (UNII: 059QF0KO0R),,16,059QF0KO0R,WATER
CISATRACURIUM,BENZENESULFONIC ACID (UNII: 685928Z18A),,17,685928Z18A,BENZENESULFONIC ACID
CISATRACURIUM,BENZENESULFONIC ACID (UNII: 685928Z18A),,18,685928Z18A,BENZENESULFONIC ACID
CISATRACURIUM,WATER (UNII: 059QF0KO0R),,18,059QF0KO0R,WATER
MIDAZOLAM,SODIUM CHLORIDE (UNII: 451W47IQ8X),9mg in1mL,0,451W47IQ8X,SODIUM CHLORIDE
MIDAZOLAM,EDETATE DISODIUM (UNII: 7FLD91C86K),0.02mg in1mL,0,7FLD91C86K,EDETATE DISODIUM
MIDAZOLAM,WATER (UNII: 059QF0KO0R),,0,059QF0KO0R,WATER
MIDAZOLAM,SODIUM CHLORIDE (UNII: 451W47IQ8X),9mg in1mL,1,451W47IQ8X,SODIUM CHLORIDE
MIDAZOLAM,EDETATE DISODIUM (UNII: 7FLD91C86K),0.02mg in1mL,1,7FLD91C86K,EDETATE DISODIUM
MIDAZOLAM,WATER (UNII: 059QF0KO0R),,1,059QF0KO0R,WATER
MIDAZOLAM,SODIUM CHLORIDE (UNII: 451W47IQ8X),9mg in1mL,2,451W47IQ8X,SODIUM CHLORIDE
MIDAZOLAM,EDETATE DISODIUM (UNII: 7FLD91C86K),0.02mg in1mL,2,7FLD91C86K,EDETATE DISODIUM
MIDAZOLAM,WATER (UNII: 059QF0KO0R),,2,059QF0KO0R,WATER
MIDAZOLAM,SODIUM CHLORIDE (UNII: 451W47IQ8X),9mg in1mL,3,451W47IQ8X,SODIUM CHLORIDE
MIDAZOLAM,EDETATE DISODIUM (UNII: 7FLD91C86K),0.01mg in1mL,3,7FLD91C86K,EDETATE DISODIUM
MIDAZOLAM,WATER (UNII: 059QF0KO0R),,3,059QF0KO0R,WATER
MIDAZOLAM,SODIUM CHLORIDE (UNII: 451W47IQ8X),9mg in1mL,4,451W47IQ8X,SODIUM CHLORIDE
MIDAZOLAM,WATER (UNII: 059QF0KO0R),,4,059QF0KO0R,WATER
MIDAZOLAM,SODIUM CHLORIDE (UNII: 451W47IQ8X),8.8mg in1mL,5,451W47IQ8X,SODIUM CHLORIDE
MIDAZOLAM,WATER (UNII: 059QF0KO0R),,5,059QF0KO0R,WATER
MIDAZOLAM,SODIUM CHLORIDE (UNII: 451W47IQ8X),8.8mg in1mL,6,451W47IQ8X,SODIUM CHLORIDE
MIDAZOLAM,WATER (UNII: 059QF0KO0R),,6,059QF0KO0R,WATER
MIDAZOLAM,SODIUM CHLORIDE (UNII: 451W47IQ8X),9mg in1mL,7,451W47IQ8X,SODIUM CHLORIDE
MIDAZOLAM,WATER (UNII: 059QF0KO0R),,7,059QF0KO0R,WATER
MIDAZOLAM,SODIUM CHLORIDE (UNII: 451W47IQ8X),9mg in1mL,8,451W47IQ8X,SODIUM CHLORIDE
MIDAZOLAM,WATER (UNII: 059QF0KO0R),,8,059QF0KO0R,WATER
MIDAZOLAM,SODIUM CHLORIDE (UNII: 451W47IQ8X),9mg in1mL,9,451W47IQ8X,SODIUM CHLORIDE
MIDAZOLAM,EDETATE DISODIUM (UNII: 7FLD91C86K),0.01mg in1mL,9,7FLD91C86K,EDETATE DISODIUM
MIDAZOLAM,WATER (UNII: 059QF0KO0R),,9,059QF0KO0R,WATER
MIDAZOLAM,SODIUM CHLORIDE (UNII: 451W47IQ8X),9mg in1mL,10,451W47IQ8X,SODIUM CHLORIDE
MIDAZOLAM,WATER (UNII: 059QF0KO0R),,10,059QF0KO0R,WATER
MIDAZOLAM,EDETATE DISODIUM (UNII: 7FLD91C86K),0.02mg in1mL,10,7FLD91C86K,EDETATE DISODIUM
MIDAZOLAM,SODIUM CHLORIDE (UNII: 451W47IQ8X),9mg in1mL,11,451W47IQ8X,SODIUM CHLORIDE
MIDAZOLAM,HYDROCHLORIC ACID (UNII: QTT17582CB),,11,QTT17582CB,HYDROCHLORIC ACID
MIDAZOLAM,SODIUM HYDROXIDE (UNII: 55X04QC32I),,11,55X04QC32I,SODIUM HYDROXIDE
NOREPINEPHRINE,SODIUM CHLORIDE (UNII: 451W47IQ8X),,0,451W47IQ8X,SODIUM CHLORIDE
NOREPINEPHRINE,NITROGEN (UNII: N762921K75),,0,N762921K75,NITROGEN
NOREPINEPHRINE,SODIUM CHLORIDE (UNII: 451W47IQ8X),,1,451W47IQ8X,SODIUM CHLORIDE
NOREPINEPHRINE,SODIUM METABISULFITE (UNII: 4VON5FNS3C),,1,4VON5FNS3C,SODIUM METABISULFITE
NOREPINEPHRINE,WATER (UNII: 059QF0KO0R),,1,059QF0KO0R,WATER
NOREPINEPHRINE,SODIUM CHLORIDE (UNII: 451W47IQ8X),,2,451W47IQ8X,SODIUM CHLORIDE
NOREPINEPHRINE,SODIUM METABISULFITE (UNII: 4VON5FNS3C),,2,4VON5FNS3C,SODIUM METABISULFITE
NOREPINEPHRINE,WATER (UNII: 059QF0KO0R),,2,059QF0KO0R,WATER
NOREPINEPHRINE,NITROGEN (UNII: N762921K75),,2,N762921K75,NITROGEN
NOREPINEPHRINE,DEXTROSE MONOHYDRATE (UNII: LX22YL083G),12.5g in250mL,3,LX22YL083G,DEXTROSE MONOHYDRATE
NOREPINEPHRINE,SODIUM HYDROXIDE (UNII: 55X04QC32I),,3,55X04QC32I,SODIUM HYDROXIDE
NOREPINEPHRINE,HYDROCHLORIC ACID (UNII: QTT17582CB),,3,QTT17582CB,HYDROCHLORIC ACID
NOREPINEPHRINE,ANHYDROUS DEXTROSE (UNII: 5SL0G7R0OK),50mg in1mL,4,5SL0G7R0OK,ANHYDROUS DEXTROSE
NOREPINEPHRINE,SODIUM CHLORIDE (UNII: 451W47IQ8X),118.4ug in1mL,4,451W47IQ8X,SODIUM CHLORIDE
NOREPINEPHRINE,SODIUM METABISULFITE (UNII: 4VON5FNS3C),32ug in1mL,4,4VON5FNS3C,SODIUM METABISULFITE
NOREPINEPHRINE,WATER (UNII: 059QF0KO0R),,4,059QF0KO0R,WATER
NOREPINEPHRINE,ANHYDROUS DEXTROSE (UNII: 5SL0G7R0OK),50mg in1mL,5,5SL0G7R0OK,ANHYDROUS DEXTROSE
NOREPINEPHRINE,SODIUM CHLORIDE (UNII: 451W47IQ8X),236.8ug in1mL,5,451W47IQ8X,SODIUM CHLORIDE
NOREPINEPHRINE,SODIUM METABISULFITE (UNII: 4VON5FNS3C),64ug in1mL,5,4VON5FNS3C,SODIUM METABISULFITE
NOREPINEPHRINE,WATER (UNII: 059QF0KO0R),,5,059QF0KO0R,WATER
NOREPINEPHRINE,ANHYDROUS DEXTROSE (UNII: 5SL0G7R0OK),50mg in1mL,6,5SL0G7R0OK,ANHYDROUS DEXTROSE
NOREPINEPHRINE,SODIUM CHLORIDE (UNII: 451W47IQ8X),473.6ug in1mL,6,451W47IQ8X,SODIUM CHLORIDE
NOREPINEPHRINE,SODIUM METABISULFITE (UNII: 4VON5FNS3C),128ug in1mL,6,4VON5FNS3C,SODIUM METABISULFITE
NOREPINEPHRINE,WATER (UNII: 059QF0KO0R),,6,059QF0KO0R,WATER
NOREPINEPHRINE,SODIUM CHLORIDE (UNII: 451W47IQ8X),,7,451W47IQ8X,SODIUM CHLORIDE
NOREPINEPHRINE,SODIUM METABISULFITE (UNII: 4VON5FNS3C),,7,4VON5FNS3C,SODIUM METABISULFITE
NOREPINEPHRINE,SODIUM CHLORIDE (UNII: 451W47IQ8X),,8,451W47IQ8X,SODIUM CHLORIDE
NOREPINEPHRINE,SODIUM METABISULFITE (UNII: 4VON5FNS3C),,8,4VON5FNS3C,SODIUM METABISULFITE
NOREPINEPHRINE,SODIUM CHLORIDE (UNII: 451W47IQ8X),,9,451W47IQ8X,SODIUM CHLORIDE
NOREPINEPHRINE,SODIUM METABISULFITE (UNII: 4VON5FNS3C),,9,4VON5FNS3C,SODIUM METABISULFITE
NOREPINEPHRINE,SODIUM METABISULFITE (UNII: 4VON5FNS3C),,10,4VON5FNS3C,SODIUM METABISULFITE
NOREPINEPHRINE,SODIUM CHLORIDE (UNII: 451W47IQ8X),,10,451W47IQ8X,SODIUM CHLORIDE
NOREPINEPHRINE,SODIUM METABISULFITE (UNII: 4VON5FNS3C),,11,4VON5FNS3C,SODIUM METABISULFITE
NOREPINEPHRINE,SODIUM CHLORIDE (UNII: 451W47IQ8X),,11,451W47IQ8X,SODIUM CHLORIDE
NOREPINEPHRINE,SODIUM CHLORIDE (UNII: 451W47IQ8X),,12,451W47IQ8X,SODIUM CHLORIDE
NOREPINEPHRINE,SODIUM METABISULFITE (UNII: 4VON5FNS3C),,12,4VON5FNS3C,SODIUM METABISULFITE
NOREPINEPHRINE,SODIUM CHLORIDE (UNII: 451W47IQ8X),,13,451W47IQ8X,SODIUM CHLORIDE
NOREPINEPHRINE,SODIUM METABISULFITE (UNII: 4VON5FNS3C),,13,4VON5FNS3C,SODIUM METABISULFITE
NOREPINEPHRINE,SODIUM CHLORIDE (UNII: 451W47IQ8X),,14,451W47IQ8X,SODIUM CHLORIDE
NOREPINEPHRINE,SODIUM METABISULFITE (UNII: 4VON5FNS3C),,14,4VON5FNS3C,SODIUM METABISULFITE
NOREPINEPHRINE,WATER (UNII: 059QF0KO0R),,14,059QF0KO0R,WATER
NOREPINEPHRINE,SODIUM CHLORIDE (UNII: 451W47IQ8X),,15,451W47IQ8X,SODIUM CHLORIDE
NOREPINEPHRINE,SODIUM METABISULFITE (UNII: 4VON5FNS3C),,15,4VON5FNS3C,SODIUM METABISULFITE
NOREPINEPHRINE,WATER (UNII: 059QF0KO0R),,15,059QF0KO0R,WATER
NOREPINEPHRINE,SODIUM CHLORIDE (UNII: 451W47IQ8X),,16,451W47IQ8X,SODIUM CHLORIDE
NOREPINEPHRINE,SODIUM METABISULFITE (UNII: 4VON5FNS3C),,16,4VON5FNS3C,SODIUM METABISULFITE
NOREPINEPHRINE,NITROGEN (UNII: N762921K75),,16,N762921K75,NITROGEN
NOREPINEPHRINE,WATER (UNII: 059QF0KO0R),,16,059QF0KO0R,WATER
NOREPINEPHRINE,SODIUM CHLORIDE (UNII: 451W47IQ8X),,17,451W47IQ8X,SODIUM CHLORIDE
NOREPINEPHRINE,SODIUM METABISULFITE (UNII: 4VON5FNS3C),,17,4VON5FNS3C,SODIUM METABISULFITE
NOREPINEPHRINE,SODIUM CHLORIDE (UNII: 451W47IQ8X),,18,451W47IQ8X,SODIUM CHLORIDE
NOREPINEPHRINE,SODIUM METABISULFITE (UNII: 4VON5FNS3C),,18,4VON5FNS3C,SODIUM METABISULFITE
NOREPINEPHRINE,SODIUM CHLORIDE (UNII: 451W47IQ8X),,19,451W47IQ8X,SODIUM CHLORIDE
NOREPINEPHRINE,WATER (UNII: 059QF0KO0R),,19,059QF0KO0R,WATER
NOREPINEPHRINE,SODIUM METABISULFITE (UNII: 4VON5FNS3C),,19,4VON5FNS3C,SODIUM METABISULFITE
NOREPINEPHRINE,NITROGEN (UNII: N762921K75),,19,N762921K75,NITROGEN
NOREPINEPHRINE,SODIUM CHLORIDE (UNII: 451W47IQ8X),,20,451W47IQ8X,SODIUM CHLORIDE
NOREPINEPHRINE,SODIUM METABISULFITE (UNII: 4VON5FNS3C),,20,4VON5FNS3C,SODIUM METABISULFITE
NOREPINEPHRINE,WATER (UNII: 059QF0KO0R),,21,059QF0KO0R,WATER
NOREPINEPHRINE,ACETIC ACID (UNII: Q40Q9N063P),,21,Q40Q9N063P,ACETIC ACID
NOREPINEPHRINE,SODIUM HYDROXIDE (UNII: 55X04QC32I),,21,55X04QC32I,SODIUM HYDROXIDE
NOREPINEPHRINE,WATER (UNII: 059QF0KO0R),,22,059QF0KO0R,WATER
NOREPINEPHRINE,ACETIC ACID (UNII: Q40Q9N063P),,22,Q40Q9N063P,ACETIC ACID
NOREPINEPHRINE,SODIUM HYDROXIDE (UNII: 55X04QC32I),,22,55X04QC32I,SODIUM HYDROXIDE
NOREPINEPHRINE,WATER (UNII: 059QF0KO0R),,23,059QF0KO0R,WATER
NOREPINEPHRINE,ACETIC ACID (UNII: Q40Q9N063P),,23,Q40Q9N063P,ACETIC ACID
NOREPINEPHRINE,SODIUM HYDROXIDE (UNII: 55X04QC32I),,23,55X04QC32I,SODIUM HYDROXIDE
NOREPINEPHRINE,WATER (UNII: 059QF0KO0R),,24,059QF0KO0R,WATER
DEXMEDETOMIDINE,SODIUM CHLORIDE (UNII: 451W47IQ8X),,0,451W47IQ8X,SODIUM CHLORIDE
DEXMEDETOMIDINE,WATER (UNII: 059QF0KO0R),,0,059QF0KO0R,WATER
DEXMEDETOMIDINE,SODIUM CHLORIDE (UNII: 451W47IQ8X),9mg in1mL,1,451W47IQ8X,SODIUM CHLORIDE
DEXMEDETOMIDINE,SODIUM CHLORIDE (UNII: 451W47IQ8X),,2,451W47IQ8X,SODIUM CHLORIDE
DEXMEDETOMIDINE,SODIUM ACETATE (UNII: 4550K0SC9B),,2,4550K0SC9B,SODIUM ACETATE
DEXMEDETOMIDINE,ACETIC ACID (UNII: Q40Q9N063P),,2,Q40Q9N063P,ACETIC ACID
DEXMEDETOMIDINE,WATER (UNII: 059QF0KO0R),,2,059QF0KO0R,WATER
DEXMEDETOMIDINE,SODIUM CHLORIDE (UNII: 451W47IQ8X),9mg in1mL,3,451W47IQ8X,SODIUM CHLORIDE
DEXMEDETOMIDINE,WATER (UNII: 059QF0KO0R),,3,059QF0KO0R,WATER
DEXMEDETOMIDINE,SODIUM CHLORIDE (UNII: 451W47IQ8X),450mg in50mL,4,451W47IQ8X,SODIUM CHLORIDE
DEXMEDETOMIDINE,SODIUM ACETATE (UNII: 4550K0SC9B),,4,4550K0SC9B,SODIUM ACETATE
DEXMEDETOMIDINE,ACETIC ACID (UNII: Q40Q9N063P),,4,Q40Q9N063P,ACETIC ACID
DEXMEDETOMIDINE,WATER (UNII: 059QF0KO0R),,4,059QF0KO0R,WATER
DEXMEDETOMIDINE,SODIUM CHLORIDE (UNII: 451W47IQ8X),450mg in50mL,5,451W47IQ8X,SODIUM CHLORIDE
DEXMEDETOMIDINE,SODIUM ACETATE (UNII: 4550K0SC9B),,5,4550K0SC9B,SODIUM ACETATE
DEXMEDETOMIDINE,ACETIC ACID (UNII: Q40Q9N063P),,5,Q40Q9N063P,ACETIC ACID
DEXMEDETOMIDINE,WATER (UNII: 059QF0KO0R),,5,059QF0KO0R,WATER
DEXMEDETOMIDINE,SODIUM CHLORIDE (UNII: 451W47IQ8X),9mg in1mL,6,451W47IQ8X,SODIUM CHLORIDE
DEXMEDETOMIDINE,METHIONINE (UNII: AE28F7PNPL),1mg in1mL,6,AE28F7PNPL,METHIONINE
DEXMEDETOMIDINE,WATER (UNII: 059QF0KO0R),,6,059QF0KO0R,WATER
DEXMEDETOMIDINE,SODIUM CHLORIDE (UNII: 451W47IQ8X),9mg in1mL,7,451W47IQ8X,SODIUM CHLORIDE
DEXMEDETOMIDINE,WATER (UNII: 059QF0KO0R),,7,059QF0KO0R,WATER
DEXMEDETOMIDINE,SODIUM CHLORIDE (UNII: 451W47IQ8X),9mg in1mL,8,451W47IQ8X,SODIUM CHLORIDE
DEXMEDETOMIDINE,WATER (UNII: 059QF0KO0R),,8,059QF0KO0R,WATER
DEXMEDETOMIDINE,SODIUM CHLORIDE (UNII: 451W47IQ8X),9mg in1mL,9,451W47IQ8X,SODIUM CHLORIDE
DEXMEDETOMIDINE,METHIONINE (UNII: AE28F7PNPL),1mg in1mL,9,AE28F7PNPL,METHIONINE
DEXMEDETOMIDINE,WATER (UNII: 059QF0KO0R),,9,059QF0KO0R,WATER
DEXMEDETOMIDINE,SODIUM CHLORIDE (UNII: 451W47IQ8X),9mg in1mL,10,451W47IQ8X,SODIUM CHLORIDE
DEXMEDETOMIDINE,METHIONINE (UNII: AE28F7PNPL),1mg in1mL,10,AE28F7PNPL,METHIONINE
DEXMEDETOMIDINE,WATER (UNII: 059QF0KO0R),,10,059QF0KO0R,WATER
DEXMEDETOMIDINE,SODIUM CHLORIDE (UNII: 451W47IQ8X),9mg in1mL,11,451W47IQ8X,SODIUM CHLORIDE
DEXMEDETOMIDINE,WATER (UNII: 059QF0KO0R),,11,059QF0KO0R,WATER
DEXMEDETOMIDINE,SODIUM CHLORIDE (UNII: 451W47IQ8X),9mg in1mL,12,451W47IQ8X,SODIUM CHLORIDE
DEXMEDETOMIDINE,WATER (UNII: 059QF0KO0R),,12,059QF0KO0R,WATER
DEXMEDETOMIDINE,SODIUM CHLORIDE (UNII: 451W47IQ8X),9mg in1mL,13,451W47IQ8X,SODIUM CHLORIDE
DEXMEDETOMIDINE,WATER (UNII: 059QF0KO0R),,13,059QF0KO0R,WATER
DEXMEDETOMIDINE,SODIUM CHLORIDE (UNII: 451W47IQ8X),9mg in1mL,14,451W47IQ8X,SODIUM CHLORIDE
DEXMEDETOMIDINE,WATER (UNII: 059QF0KO0R),,14,059QF0KO0R,WATER
DEXMEDETOMIDINE,SODIUM CHLORIDE (UNII: 451W47IQ8X),9mg in1mL,15,451W47IQ8X,SODIUM CHLORIDE
DEXMEDETOMIDINE,WATER (UNII: 059QF0KO0R),,15,059QF0KO0R,WATER
DEXMEDETOMIDINE,SODIUM CHLORIDE (UNII: 451W47IQ8X),,16,451W47IQ8X,SODIUM CHLORIDE
DEXMEDETOMIDINE,SODIUM ACETATE (UNII: 4550K0SC9B),,16,4550K0SC9B,SODIUM ACETATE
DEXMEDETOMIDINE,ACETIC ACID (UNII: Q40Q9N063P),,16,Q40Q9N063P,ACETIC ACID
DEXMEDETOMIDINE,SODIUM CHLORIDE (UNII: 451W47IQ8X),9mg in1mL,17,451W47IQ8X,SODIUM CHLORIDE
DEXMEDETOMIDINE,SODIUM ACETATE (UNII: 4550K0SC9B),597ug in1mL,17,4550K0SC9B,SODIUM ACETATE
DEXMEDETOMIDINE,ACETIC ACID (UNII: Q40Q9N063P),27ug in1mL,17,Q40Q9N063P,ACETIC ACID
DEXMEDETOMIDINE,SODIUM CHLORIDE (UNII: 451W47IQ8X),9mg in1mL,18,451W47IQ8X,SODIUM CHLORIDE
DEXMEDETOMIDINE,SODIUM CHLORIDE (UNII: 451W47IQ8X),450mg in50mL,19,451W47IQ8X,SODIUM CHLORIDE
DEXMEDETOMIDINE,WATER (UNII: 059QF0KO0R),,19,059QF0KO0R,WATER
DEXMEDETOMIDINE,SODIUM CHLORIDE (UNII: 451W47IQ8X),9mg in1mL,20,451W47IQ8X,SODIUM CHLORIDE
DEXMEDETOMIDINE,WATER (UNII: 059QF0KO0R),,20,059QF0KO0R,WATER
DEXMEDETOMIDINE,SODIUM CHLORIDE (UNII: 451W47IQ8X),9mg in1mL,21,451W47IQ8X,SODIUM CHLORIDE
DEXMEDETOMIDINE,WATER (UNII: 059QF0KO0R),,21,059QF0KO0R,WATER
DEXMEDETOMIDINE,SODIUM CHLORIDE (UNII: 451W47IQ8X),9mg in1mL,22,451W47IQ8X,SODIUM CHLORIDE
DEXMEDETOMIDINE,WATER (UNII: 059QF0KO0R),,22,059QF0KO0R,WATER
DEXMEDETOMIDINE,SODIUM CHLORIDE (UNII: 451W47IQ8X),,23,451W47IQ8X,SODIUM CHLORIDE
DEXMEDETOMIDINE,WATER (UNII: 059QF0KO0R),,23,059QF0KO0R,WATER
DEXMEDETOMIDINE,SODIUM CHLORIDE (UNII: 451W47IQ8X),,24,451W47IQ8X,SODIUM CHLORIDE
DEXMEDETOMIDINE,WATER (UNII: 059QF0KO0R),,24,059QF0KO0R,WATER
DEXMEDETOMIDINE,SODIUM CHLORIDE (UNII: 451W47IQ8X),,25,451W47IQ8X,SODIUM CHLORIDE
DEXMEDETOMIDINE,WATER (UNII: 059QF0KO0R),,25,059QF0KO0R,WATER
DEXMEDETOMIDINE,SODIUM CHLORIDE (UNII: 451W47IQ8X),,26,451W47IQ8X,SODIUM CHLORIDE
DEXMEDETOMIDINE,WATER (UNII: 059QF0KO0R),,26,059QF0KO0R,WATER
DEXMEDETOMIDINE,SODIUM CHLORIDE (UNII: 451W47IQ8X),,27,451W47IQ8X,SODIUM CHLORIDE
DEXMEDETOMIDINE,WATER (UNII: 059QF0KO0R),,27,059QF0KO0R,WATER
DEXMEDETOMIDINE,SODIUM CHLORIDE (UNII: 451W47IQ8X),9mg in1mL,28,451W47IQ8X,SODIUM CHLORIDE
DEXMEDETOMIDINE,WATER (UNII: 059QF0KO0R),,28,059QF0KO0R,WATER
DEXMEDETOMIDINE,SODIUM CHLORIDE (UNII: 451W47IQ8X),,29,451W47IQ8X,SODIUM CHLORIDE
DEXMEDETOMIDINE,WATER (UNII: 059QF0KO0R),,29,059QF0KO0R,WATER
DEXMEDETOMIDINE,SODIUM CHLORIDE (UNII: 451W47IQ8X),,30,451W47IQ8X,SODIUM CHLORIDE
DEXMEDETOMIDINE,WATER (UNII: 059QF0KO0R),,30,059QF0KO0R,WATER
DEXMEDETOMIDINE,SODIUM CHLORIDE (UNII: 451W47IQ8X),,31,451W47IQ8X,SODIUM CHLORIDE
DEXMEDETOMIDINE,WATER (UNII: 059QF0KO0R),,31,059QF0KO0R,WATER
DEXMEDETOMIDINE,SODIUM CHLORIDE (UNII: 451W47IQ8X),9mg in1mL,32,451W47IQ8X,SODIUM CHLORIDE
DEXMEDETOMIDINE,SODIUM CHLORIDE (UNII: 451W47IQ8X),,33,451W47IQ8X,SODIUM CHLORIDE
DEXMEDETOMIDINE,WATER (UNII: 059QF0KO0R),,33,059QF0KO0R,WATER
DEXMEDETOMIDINE,SODIUM CHLORIDE (UNII: 451W47IQ8X),9mg in1mL,34,451W47IQ8X,SODIUM CHLORIDE
DEXMEDETOMIDINE,WATER (UNII: 059QF0KO0R),,34,059QF0KO0R,WATER
DEXMEDETOMIDINE,SODIUM CHLORIDE (UNII: 451W47IQ8X),,35,451W47IQ8X,SODIUM CHLORIDE
DEXMEDETOMIDINE,WATER (UNII: 059QF0KO0R),,35,059QF0KO0R,WATER
DEXMEDETOMIDINE,SODIUM CHLORIDE (UNII: 451W47IQ8X),,36,451W47IQ8X,SODIUM CHLORIDE
DEXMEDETOMIDINE,WATER (UNII: 059QF0KO0R),,36,059QF0KO0R,WATER
DEXMEDETOMIDINE,SODIUM CHLORIDE (UNII: 451W47IQ8X),9mg in1mL,37,451W47IQ8X,SODIUM CHLORIDE
DEXMEDETOMIDINE,WATER (UNII: 059QF0KO0R),,37,059QF0KO0R,WATER
DEXMEDETOMIDINE,SODIUM CHLORIDE (UNII: 451W47IQ8X),9mg in1mL,38,451W47IQ8X,SODIUM CHLORIDE
DEXMEDETOMIDINE,WATER (UNII: 059QF0KO0R),,38,059QF0KO0R,WATER
DEXMEDETOMIDINE,SODIUM CHLORIDE (UNII: 451W47IQ8X),9mg in1mL,39,451W47IQ8X,SODIUM CHLORIDE
DEXMEDETOMIDINE,WATER (UNII: 059QF0KO0R),,39,059QF0KO0R,WATER
FENTANYL,WATER (UNII: 059QF0KO0R),,0,059QF0KO0R,WATER
FENTANYL,SODIUM HYDROXIDE (UNII: 55X04QC32I),,0,55X04QC32I,SODIUM HYDROXIDE
FENTANYL,HYDROCHLORIC ACID (UNII: QTT17582CB),,0,QTT17582CB,HYDROCHLORIC ACID
FENTANYL,WATER (UNII: 059QF0KO0R),,1,059QF0KO0R,WATER
FENTANYL,SODIUM HYDROXIDE (UNII: 55X04QC32I),,1,55X04QC32I,SODIUM HYDROXIDE
FENTANYL,HYDROCHLORIC ACID (UNII: QTT17582CB),,1,QTT17582CB,HYDROCHLORIC ACID
FENTANYL,SODIUM HYDROXIDE (UNII: 55X04QC32I),,2,55X04QC32I,SODIUM HYDROXIDE
FENTANYL,SODIUM CHLORIDE (UNII: 451W47IQ8X),9mg in1mL,3,451W47IQ8X,SODIUM CHLORIDE
FENTANYL,WATER (UNII: 059QF0KO0R),,3,059QF0KO0R,WATER
FENTANYL,SODIUM CHLORIDE (UNII: 451W47IQ8X),9mg in1mL,4,451W47IQ8X,SODIUM CHLORIDE
FENTANYL,WATER (UNII: 059QF0KO0R),,4,059QF0KO0R,WATER
FENTANYL,WATER (UNII: 059QF0KO0R),,5,059QF0KO0R,WATER
FENTANYL,WATER (UNII: 059QF0KO0R),,6,059QF0KO0R,WATER
FENTANYL,SODIUM CHLORIDE (UNII: 451W47IQ8X),9mg in1mL,6,451W47IQ8X,SODIUM CHLORIDE
FENTANYL,SODIUM CHLORIDE (UNII: 451W47IQ8X),9mg in1mL,7,451W47IQ8X,SODIUM CHLORIDE
FENTANYL,WATER (UNII: 059QF0KO0R),,7,059QF0KO0R,WATER
FENTANYL,SODIUM CHLORIDE (UNII: 451W47IQ8X),9mg in1mL,8,451W47IQ8X,SODIUM CHLORIDE
FENTANYL,WATER (UNII: 059QF0KO0R),,8,059QF0KO0R,WATER
PROPOFOL,SOYBEAN OIL (UNII: 241ATL177A),,0,241ATL177A,SOYBEAN OIL
PROPOFOL,GLYCERIN (UNII: PDC6A3C0OX),,0,PDC6A3C0OX,GLYCERIN
PROPOFOL,EGG PHOSPHOLIPIDS (UNII: 1Z74184RGV),,0,1Z74184RGV,EGG PHOSPHOLIPIDS
PROPOFOL,BENZYL ALCOHOL (UNII: LKG8494WBH),,0,LKG8494WBH,BENZYL ALCOHOL
PROPOFOL,SODIUM HYDROXIDE (UNII: 55X04QC32I),,0,55X04QC32I,SODIUM HYDROXIDE
PROPOFOL,SOYBEAN OIL (UNII: 241ATL177A),100mg in1mL,1,241ATL177A,SOYBEAN OIL
PROPOFOL,GLYCERIN (UNII: PDC6A3C0OX),22.5mg in1mL,1,PDC6A3C0OX,GLYCERIN
PROPOFOL,EGG PHOSPHOLIPIDS (UNII: 1Z74184RGV),12mg in1mL,1,1Z74184RGV,EGG PHOSPHOLIPIDS
PROPOFOL,SODIUM BENZOATE (UNII: OJ245FE5EU),,1,OJ245FE5EU,SODIUM BENZOATE
PROPOFOL,SODIUM HYDROXIDE (UNII: 55X04QC32I),,1,55X04QC32I,SODIUM HYDROXIDE
PROPOFOL,SOYBEAN OIL (UNII: 241ATL177A),,2,241ATL177A,SOYBEAN OIL
PROPOFOL,GLYCERIN (UNII: PDC6A3C0OX),,2,PDC6A3C0OX,GLYCERIN
PROPOFOL,EGG PHOSPHOLIPIDS (UNII: 1Z74184RGV),,2,1Z74184RGV,EGG PHOSPHOLIPIDS
PROPOFOL,SODIUM METABISULFITE (UNII: 4VON5FNS3C),,2,4VON5FNS3C,SODIUM METABISULFITE
PROPOFOL,SODIUM HYDROXIDE (UNII: 55X04QC32I),,2,55X04QC32I,SODIUM HYDROXIDE
PROPOFOL,SOYBEAN OIL (UNII: 241ATL177A),100mg in1mL,3,241ATL177A,SOYBEAN OIL
PROPOFOL,GLYCERIN (UNII: PDC6A3C0OX),22.5mg in1mL,3,PDC6A3C0OX,GLYCERIN
PROPOFOL,EGG PHOSPHOLIPIDS (UNII: 1Z74184RGV),12mg in1mL,3,1Z74184RGV,EGG PHOSPHOLIPIDS
PROPOFOL,EDETATE DISODIUM (UNII: 7FLD91C86K),0.05mg in1mL,3,7FLD91C86K,EDETATE DISODIUM
PROPOFOL,SODIUM HYDROXIDE (UNII: 55X04QC32I),,3,55X04QC32I,SODIUM HYDROXIDE
PROPOFOL,WATER (UNII: 059QF0KO0R),,3,059QF0KO0R,WATER
PROPOFOL,SOYBEAN OIL (UNII: 241ATL177A),,4,241ATL177A,SOYBEAN OIL
PROPOFOL,GLYCERIN (UNII: PDC6A3C0OX),,4,PDC6A3C0OX,GLYCERIN
PROPOFOL,EGG PHOSPHOLIPIDS (UNII: 1Z74184RGV),,4,1Z74184RGV,EGG PHOSPHOLIPIDS
PROPOFOL,SODIUM HYDROXIDE (UNII: 55X04QC32I),,4,55X04QC32I,SODIUM HYDROXIDE
PROPOFOL,EDETATE DISODIUM (UNII: 7FLD91C86K),,4,7FLD91C86K,EDETATE DISODIUM
PROPOFOL,WATER (UNII: 059QF0KO0R),,4,059QF0KO0R,WATER
PROPOFOL,BENZYL ALCOHOL (UNII: LKG8494WBH),1mg in1mL,5,LKG8494WBH,BENZYL ALCOHOL
PROPOFOL,EGG PHOSPHOLIPIDS (UNII: 1Z74184RGV),12mg in1mL,5,1Z74184RGV,EGG PHOSPHOLIPIDS
PROPOFOL,GLYCERIN (UNII: PDC6A3C0OX),22.5mg in1mL,5,PDC6A3C0OX,GLYCERIN
PROPOFOL,SOYBEAN OIL (UNII: 241ATL177A),100mg in1mL,5,241ATL177A,SOYBEAN OIL
PROPOFOL,SOYBEAN OIL (UNII: 241ATL177A),100mg in1mL,6,241ATL177A,SOYBEAN OIL
PROPOFOL,GLYCERIN (UNII: PDC6A3C0OX),22.5mg in1mL,6,PDC6A3C0OX,GLYCERIN
PROPOFOL,EGG PHOSPHOLIPIDS (UNII: 1Z74184RGV),12mg in1mL,6,1Z74184RGV,EGG PHOSPHOLIPIDS
PROPOFOL,BENZYL ALCOHOL (UNII: LKG8494WBH),1.5mg in1mL,6,LKG8494WBH,BENZYL ALCOHOL
PROPOFOL,SODIUM BENZOATE (UNII: OJ245FE5EU),0.7mg in1mL,6,OJ245FE5EU,SODIUM BENZOATE
PROPOFOL,SODIUM HYDROXIDE (UNII: 55X04QC32I),,6,55X04QC32I,SODIUM HYDROXIDE
PROPOFOL,SOYBEAN OIL (UNII: 241ATL177A),100mg in1mL,7,241ATL177A,SOYBEAN OIL
PROPOFOL,GLYCERIN (UNII: PDC6A3C0OX),22.5mg in1mL,7,PDC6A3C0OX,GLYCERIN
PROPOFOL,EGG PHOSPHOLIPIDS (UNII: 1Z74184RGV),12mg in1mL,7,1Z74184RGV,EGG PHOSPHOLIPIDS
PROPOFOL,EDETATE DISODIUM (UNII: 7FLD91C86K),0.05mg in1mL,7,7FLD91C86K,EDETATE DISODIUM
PROPOFOL,SODIUM HYDROXIDE (UNII: 55X04QC32I),,7,55X04QC32I,SODIUM HYDROXIDE
PROPOFOL,WATER (UNII: 059QF0KO0R),,7,059QF0KO0R,WATER
PROPOFOL,SOYBEAN OIL (UNII: 241ATL177A),,8,241ATL177A,SOYBEAN OIL
PROPOFOL,GLYCERIN (UNII: PDC6A3C0OX),,8,PDC6A3C0OX,GLYCERIN
PROPOFOL,EGG PHOSPHOLIPIDS (UNII: 1Z74184RGV),,8,1Z74184RGV,EGG PHOSPHOLIPIDS
PROPOFOL,SODIUM METABISULFITE (UNII: 4VON5FNS3C),,8,4VON5FNS3C,SODIUM METABISULFITE
PROPOFOL,SODIUM HYDROXIDE (UNII: 55X04QC32I),,8,55X04QC32I,SODIUM HYDROXIDE
PROPOFOL,MEDIUM-CHAIN TRIGLYCERIDES (UNII: C9H2L21V7U),,9,C9H2L21V7U,MEDIUM-CHAIN TRIGLYCERIDES
PROPOFOL,SODIUM OLEATE (UNII: 399SL044HN),,9,399SL044HN,SODIUM OLEATE
PROPOFOL,WATER (UNII: 059QF0KO0R),,9,059QF0KO0R,WATER
PROPOFOL,SOYBEAN OIL (UNII: 241ATL177A),,9,241ATL177A,SOYBEAN OIL
PROPOFOL,GLYCERIN (UNII: PDC6A3C0OX),,9,PDC6A3C0OX,GLYCERIN
PROPOFOL,EGG PHOSPHOLIPIDS (UNII: 1Z74184RGV),,9,1Z74184RGV,EGG PHOSPHOLIPIDS
PROPOFOL,SOYBEAN OIL (UNII: 241ATL177A),100mg in1mL,10,241ATL177A,SOYBEAN OIL
PROPOFOL,GLYCERIN (UNII: PDC6A3C0OX),22.5mg in1mL,10,PDC6A3C0OX,GLYCERIN
PROPOFOL,EGG PHOSPHOLIPIDS (UNII: 1Z74184RGV),12mg in1mL,10,1Z74184RGV,EGG PHOSPHOLIPIDS
PROPOFOL,SODIUM BENZOATE (UNII: OJ245FE5EU),,10,OJ245FE5EU,SODIUM BENZOATE
PROPOFOL,SODIUM HYDROXIDE (UNII: 55X04QC32I),,10,55X04QC32I,SODIUM HYDROXIDE
PROPOFOL,SOYBEAN OIL (UNII: 241ATL177A),100mg in1mL,11,241ATL177A,SOYBEAN OIL
PROPOFOL,GLYCERIN (UNII: PDC6A3C0OX),22.5mg in1mL,11,PDC6A3C0OX,GLYCERIN
PROPOFOL,EGG PHOSPHOLIPIDS (UNII: 1Z74184RGV),12mg in1mL,11,1Z74184RGV,EGG PHOSPHOLIPIDS
PROPOFOL,BENZYL ALCOHOL (UNII: LKG8494WBH),1.5mg in1mL,11,LKG8494WBH,BENZYL ALCOHOL
PROPOFOL,SODIUM BENZOATE (UNII: OJ245FE5EU),0.7mg in1mL,11,OJ245FE5EU,SODIUM BENZOATE
PROPOFOL,SODIUM HYDROXIDE (UNII: 55X04QC32I),,11,55X04QC32I,SODIUM HYDROXIDE
PROPOFOL,SOYBEAN OIL (UNII: 241ATL177A),100mg in1mL,12,241ATL177A,SOYBEAN OIL
PROPOFOL,GLYCERIN (UNII: PDC6A3C0OX),22.5mg in1mL,12,PDC6A3C0OX,GLYCERIN
PROPOFOL,EGG PHOSPHOLIPIDS (UNII: 1Z74184RGV),12mg in1mL,12,1Z74184RGV,EGG PHOSPHOLIPIDS
PROPOFOL,SODIUM BENZOATE (UNII: OJ245FE5EU),,12,OJ245FE5EU,SODIUM BENZOATE
PROPOFOL,SODIUM HYDROXIDE (UNII: 55X04QC32I),,12,55X04QC32I,SODIUM HYDROXIDE
PROPOFOL,SOYBEAN OIL (UNII: 241ATL177A),100mg in1mL,13,241ATL177A,SOYBEAN OIL
PROPOFOL,GLYCERIN (UNII: PDC6A3C0OX),22.5mg in1mL,13,PDC6A3C0OX,GLYCERIN
PROPOFOL,EGG PHOSPHOLIPIDS (UNII: 1Z74184RGV),12mg in1mL,13,1Z74184RGV,EGG PHOSPHOLIPIDS
PROPOFOL,SODIUM BENZOATE (UNII: OJ245FE5EU),,13,OJ245FE5EU,SODIUM BENZOATE
PROPOFOL,SODIUM HYDROXIDE (UNII: 55X04QC32I),,13,55X04QC32I,SODIUM HYDROXIDE
PROPOFOL,BENZYL ALCOHOL (UNII: LKG8494WBH),1.5mg in1mL,14,LKG8494WBH,BENZYL ALCOHOL
PROPOFOL,SOYBEAN OIL (UNII: 241ATL177A),100mg in1mL,14,241ATL177A,SOYBEAN OIL
PROPOFOL,SODIUM HYDROXIDE (UNII: 55X04QC32I),,14,55X04QC32I,SODIUM HYDROXIDE
PROPOFOL,GLYCERIN (UNII: PDC6A3C0OX),22.5mg in1mL,14,PDC6A3C0OX,GLYCERIN
PROPOFOL,EGG PHOSPHOLIPIDS (UNII: 1Z74184RGV),12mg in1mL,14,1Z74184RGV,EGG PHOSPHOLIPIDS
PROPOFOL,SODIUM BENZOATE (UNII: OJ245FE5EU),0.7mg in1mL,14,OJ245FE5EU,SODIUM BENZOATE
PROPOFOL,GLYCERIN (UNII: PDC6A3C0OX),22.5mg in1mL,15,PDC6A3C0OX,GLYCERIN
PROPOFOL,EGG PHOSPHOLIPIDS (UNII: 1Z74184RGV),12mg in1mL,15,1Z74184RGV,EGG PHOSPHOLIPIDS
PROPOFOL,SODIUM BENZOATE (UNII: OJ245FE5EU),0.7mg in1mL,15,OJ245FE5EU,SODIUM BENZOATE
PROPOFOL,BENZYL ALCOHOL (UNII: LKG8494WBH),1.5mg in1mL,15,LKG8494WBH,BENZYL ALCOHOL
PROPOFOL,SODIUM HYDROXIDE (UNII: 55X04QC32I),,15,55X04QC32I,SODIUM HYDROXIDE
PROPOFOL,SOYBEAN OIL (UNII: 241ATL177A),100mg in1mL,15,241ATL177A,SOYBEAN OIL
PROPOFOL,SOYBEAN OIL (UNII: 241ATL177A),100mg in1mL,16,241ATL177A,SOYBEAN OIL
PROPOFOL,GLYCERIN (UNII: PDC6A3C0OX),22.5mg in1mL,16,PDC6A3C0OX,GLYCERIN
PROPOFOL,EGG PHOSPHOLIPIDS (UNII: 1Z74184RGV),12mg in1mL,16,1Z74184RGV,EGG PHOSPHOLIPIDS
PROPOFOL,SODIUM BENZOATE (UNII: OJ245FE5EU),0.7mg in1mL,16,OJ245FE5EU,SODIUM BENZOATE
PROPOFOL,BENZYL ALCOHOL (UNII: LKG8494WBH),1.5mg in1mL,16,LKG8494WBH,BENZYL ALCOHOL
PROPOFOL,SODIUM HYDROXIDE (UNII: 55X04QC32I),,16,55X04QC32I,SODIUM HYDROXIDE
PROPOFOL,BENZYL ALCOHOL (UNII: LKG8494WBH),1mg in1mL,17,LKG8494WBH,BENZYL ALCOHOL
PROPOFOL,EGG PHOSPHOLIPIDS (UNII: 1Z74184RGV),12mg in1mL,17,1Z74184RGV,EGG PHOSPHOLIPIDS
PROPOFOL,GLYCERIN (UNII: PDC6A3C0OX),22.5mg in1mL,17,PDC6A3C0OX,GLYCERIN
PROPOFOL,SOYBEAN OIL (UNII: 241ATL177A),100mg in1mL,17,241ATL177A,SOYBEAN OIL
PROPOFOL,SOYBEAN OIL (UNII: 241ATL177A),100mg in1mL,18,241ATL177A,SOYBEAN OIL
PROPOFOL,GLYCERIN (UNII: PDC6A3C0OX),22.5mg in1mL,18,PDC6A3C0OX,GLYCERIN
PROPOFOL,EGG PHOSPHOLIPIDS (UNII: 1Z74184RGV),12mg in1mL,18,1Z74184RGV,EGG PHOSPHOLIPIDS
PROPOFOL,EDETATE DISODIUM (UNII: 7FLD91C86K),,18,7FLD91C86K,EDETATE DISODIUM
PROPOFOL,SODIUM HYDROXIDE (UNII: 55X04QC32I),,18,55X04QC32I,SODIUM HYDROXIDE
PROPOFOL,SOYBEAN OIL (UNII: 241ATL177A),100mg in1mL,19,241ATL177A,SOYBEAN OIL
PROPOFOL,GLYCERIN (UNII: PDC6A3C0OX),22.5mg in1mL,19,PDC6A3C0OX,GLYCERIN
PROPOFOL,EGG PHOSPHOLIPIDS (UNII: 1Z74184RGV),12mg in1mL,19,1Z74184RGV,EGG PHOSPHOLIPIDS
PROPOFOL,EDETATE DISODIUM (UNII: 7FLD91C86K),,19,7FLD91C86K,EDETATE DISODIUM
PROPOFOL,SODIUM HYDROXIDE (UNII: 55X04QC32I),,19,55X04QC32I,SODIUM HYDROXIDE
PROPOFOL,SOYBEAN OIL (UNII: 241ATL177A),100mg in1mL,20,241ATL177A,SOYBEAN OIL
PROPOFOL,GLYCERIN (UNII: PDC6A3C0OX),22.5mg in1mL,20,PDC6A3C0OX,GLYCERIN
PROPOFOL,EGG PHOSPHOLIPIDS (UNII: 1Z74184RGV),12mg in1mL,20,1Z74184RGV,EGG PHOSPHOLIPIDS
PROPOFOL,EDETATE DISODIUM (UNII: 7FLD91C86K),,20,7FLD91C86K,EDETATE DISODIUM
PROPOFOL,SODIUM HYDROXIDE (UNII: 55X04QC32I),,20,55X04QC32I,SODIUM HYDROXIDE
PROPOFOL,SOYBEAN OIL (UNII: 241ATL177A),100mg in1mL,21,241ATL177A,SOYBEAN OIL
PROPOFOL,GLYCERIN (UNII: PDC6A3C0OX),22.5mg in1mL,21,PDC6A3C0OX,GLYCERIN
PROPOFOL,EGG PHOSPHOLIPIDS (UNII: 1Z74184RGV),12mg in1mL,21,1Z74184RGV,EGG PHOSPHOLIPIDS
PROPOFOL,EDETATE DISODIUM (UNII: 7FLD91C86K),,21,7FLD91C86K,EDETATE DISODIUM
PROPOFOL,SODIUM HYDROXIDE (UNII: 55X04QC32I),,21,55X04QC32I,SODIUM HYDROXIDE
PROPOFOL,SOYBEAN OIL (UNII: 241ATL177A),100mg in1mL,22,241ATL177A,SOYBEAN OIL
PROPOFOL,GLYCERIN (UNII: PDC6A3C0OX),22.5mg in1mL,22,PDC6A3C0OX,GLYCERIN
PROPOFOL,EGG PHOSPHOLIPIDS (UNII: 1Z74184RGV),12mg in1mL,22,1Z74184RGV,EGG PHOSPHOLIPIDS
PROPOFOL,EDETATE DISODIUM (UNII: 7FLD91C86K),,22,7FLD91C86K,EDETATE DISODIUM
PROPOFOL,SODIUM HYDROXIDE (UNII: 55X04QC32I),,22,55X04QC32I,SODIUM HYDROXIDE
PROPOFOL,SOYBEAN OIL (UNII: 241ATL177A),50mg in1mL,23,241ATL177A,SOYBEAN OIL
PROPOFOL,MEDIUM-CHAIN TRIGLYCERIDES (UNII: C9H2L21V7U),50mg in1mL,23,C9H2L21V7U,MEDIUM-CHAIN TRIGLYCERIDES
PROPOFOL,GLYCERIN (UNII: PDC6A3C0OX),22.5mg in1mL,23,PDC6A3C0OX,GLYCERIN
PROPOFOL,EGG PHOSPHOLIPIDS (UNII: 1Z74184RGV),12mg in1mL,23,1Z74184RGV,EGG PHOSPHOLIPIDS
PROPOFOL,OLEIC ACID (UNII: 2UMI9U37CP),,23,2UMI9U37CP,OLEIC ACID
PROPOFOL,SODIUM HYDROXIDE (UNII: 55X04QC32I),,23,55X04QC32I,SODIUM HYDROXIDE
PROPOFOL,SOYBEAN OIL (UNII: 241ATL177A),50mg in1mL,24,241ATL177A,SOYBEAN OIL
PROPOFOL,MEDIUM-CHAIN TRIGLYCERIDES (UNII: C9H2L21V7U),50mg in1mL,24,C9H2L21V7U,MEDIUM-CHAIN TRIGLYCERIDES
PROPOFOL,GLYCERIN (UNII: PDC6A3C0OX),22.5mg in1mL,24,PDC6A3C0OX,GLYCERIN
PROPOFOL,EGG PHOSPHOLIPIDS (UNII: 1Z74184RGV),12mg in1mL,24,1Z74184RGV,EGG PHOSPHOLIPIDS
PROPOFOL,OLEIC ACID (UNII: 2UMI9U37CP),,24,2UMI9U37CP,OLEIC ACID
PROPOFOL,SODIUM HYDROXIDE (UNII: 55X04QC32I),,24,55X04QC32I,SODIUM HYDROXIDE
PROPOFOL,SOYBEAN OIL (UNII: 241ATL177A),100mg in1mL,25,241ATL177A,SOYBEAN OIL
PROPOFOL,EGG PHOSPHOLIPIDS (UNII: 1Z74184RGV),12mg in1mL,25,1Z74184RGV,EGG PHOSPHOLIPIDS
PROPOFOL,GLYCERIN (UNII: PDC6A3C0OX),22.5mg in1mL,25,PDC6A3C0OX,GLYCERIN
PROPOFOL,OLEIC ACID (UNII: 2UMI9U37CP),0.6mg in1mL,25,2UMI9U37CP,OLEIC ACID
PROPOFOL,SODIUM HYDROXIDE (UNII: 55X04QC32I),,25,55X04QC32I,SODIUM HYDROXIDE
PROPOFOL,NITROGEN (UNII: N762921K75),,25,N762921K75,NITROGEN
PROPOFOL,WATER (UNII: 059QF0KO0R),,25,059QF0KO0R,WATER
PROPOFOL,SOYBEAN OIL (UNII: 241ATL177A),100mg in1mL,26,241ATL177A,SOYBEAN OIL
PROPOFOL,GLYCERIN (UNII: PDC6A3C0OX),22.5mg in1mL,26,PDC6A3C0OX,GLYCERIN
PROPOFOL,EGG PHOSPHOLIPIDS (UNII: 1Z74184RGV),12mg in1mL,26,1Z74184RGV,EGG PHOSPHOLIPIDS
PROPOFOL,OLEIC ACID (UNII: 2UMI9U37CP),0.6mg in1mL,26,2UMI9U37CP,OLEIC ACID
PROPOFOL,SODIUM HYDROXIDE (UNII: 55X04QC32I),,26,55X04QC32I,SODIUM HYDROXIDE
PROPOFOL,SOYBEAN OIL (UNII: 241ATL177A),,27,241ATL177A,SOYBEAN OIL
PROPOFOL,GLYCERIN (UNII: PDC6A3C0OX),,27,PDC6A3C0OX,GLYCERIN
PROPOFOL,EGG PHOSPHOLIPIDS (UNII: 1Z74184RGV),,27,1Z74184RGV,EGG PHOSPHOLIPIDS
PROPOFOL,SODIUM METABISULFITE (UNII: 4VON5FNS3C),,27,4VON5FNS3C,SODIUM METABISULFITE
PROPOFOL,SODIUM HYDROXIDE (UNII: 55X04QC32I),,27,55X04QC32I,SODIUM HYDROXIDE
