Type,Delivery,API,,,,,,,,,,,,,,,,,,,,,,
HUMAN PRESCRIPTION DRUG,ORAL,ONDANSETRON (UNII: 4AF302ESOS) (ONDANSETRON - UNII:4AF302ESOS),4 mg,ASPARTAME (UNII: Z0H242BBR1), ,SILICON DIOXIDE (UNII: ETJ7Z6XBU4), ,CROSPOVIDONE (15 MPA.S AT 5%) (UNII: 68401960MK), ,MAGNESIUM STEARATE (UNII: 70097M6I30), ,MANNITOL (UNII: 3OWL53L36A), ,SODIUM STEARYL FUMARATE (UNII: 7CV7WJK4UI), ,,,,,,,,,10 in 1 BOTTLE; Type 0: Not a Combination Product;20 in 1 BOTTLE; Type 0: Not a Combination Product;5 in 1 BOTTLE; Type 0: Not a Combination Product;3 in 1 BOTTLE; Type 0: Not a Combination Product;15 in 1 BOTTLE; Type 0: Not a Combination Product;30 in 1 BOTTLE; Type 0: Not a Combination Product;14 in 1 BOTTLE; Type 0: Not a Combination Product;60 in 1 BOTTLE; Type 0: Not a Combination Product;9 in 1 BOTTLE; Type 0: Not a Combination Product;6 in 1 BOTTLE; Type 0: Not a Combination Product;
HUMAN PRESCRIPTION DRUG,ORAL,ONDANSETRON (UNII: 4AF302ESOS) (ONDANSETRON - UNII:4AF302ESOS),8 mg,MANNITOL (UNII: 3OWL53L36A), ,CROSPOVIDONE (120 .MU.M) (UNII: 68401960MK), ,LACTOSE MONOHYDRATE (UNII: EWQ57Q8I5X), ,MICROCRYSTALLINE CELLULOSE (UNII: OP1R32D61U), ,ASPARTAME (UNII: Z0H242BBR1), ,SILICON DIOXIDE (UNII: ETJ7Z6XBU4), ,MAGNESIUM STEARATE (UNII: 70097M6I30), ,,,,,,,30 in 1 BOTTLE; Type 0: Not a Combination Product;10 in 1 BOTTLE; Type 0: Not a Combination Product;5 in 1 BOTTLE; Type 0: Not a Combination Product;4 in 1 BOTTLE; Type 0: Not a Combination Product;6 in 1 BOTTLE; Type 0: Not a Combination Product;14 in 1 BOTTLE; Type 0: Not a Combination Product;60 in 1 BOTTLE; Type 0: Not a Combination Product;12 in 1 BOTTLE; Type 0: Not a Combination Product;90 in 1 BOTTLE; Type 0: Not a Combination Product;3 in 1 BOTTLE; Type 0: Not a Combination Product;
HUMAN PRESCRIPTION DRUG,ORAL,ONDANSETRON (UNII: 4AF302ESOS) (ONDANSETRON - UNII:4AF302ESOS),4 mg,ASPARTAME (UNII: Z0H242BBR1), ,SILICON DIOXIDE (UNII: ETJ7Z6XBU4), ,CROSPOVIDONE (15 MPA.S AT 5%) (UNII: 68401960MK), ,MAGNESIUM STEARATE (UNII: 70097M6I30), ,MANNITOL (UNII: 3OWL53L36A), ,SODIUM STEARYL FUMARATE (UNII: 7CV7WJK4UI), ,,,,,,,,,10 in 1 BAG;1 in 1 BLISTER PACK; Type 0: Not a Combination Product;
HUMAN PRESCRIPTION DRUG,ORAL,ONDANSETRON (UNII: 4AF302ESOS) (ONDANSETRON - UNII:4AF302ESOS),4 mg,ASPARTAME (UNII: Z0H242BBR1), ,SILICON DIOXIDE (UNII: ETJ7Z6XBU4), ,CROSCARMELLOSE SODIUM (UNII: M28OL1HH48), ,GLYCERYL DISTEARATE (UNII: 73071MW2KM), ,MAGNESIUM STEARATE (UNII: 70097M6I30), ,MANNITOL (UNII: 3OWL53L36A), ,TALC (UNII: 7SEV7J4R1U), ,,,,,,,10 in 1 BAG;1 in 1 BLISTER PACK; Type 0: Not a Combination Product;
HUMAN PRESCRIPTION DRUG,ORAL,ONDANSETRON (UNII: 4AF302ESOS) (ONDANSETRON - UNII:4AF302ESOS),8 mg,ASPARTAME (UNII: Z0H242BBR1), ,SILICON DIOXIDE (UNII: ETJ7Z6XBU4), ,CROSCARMELLOSE SODIUM (UNII: M28OL1HH48), ,GLYCERYL DISTEARATE (UNII: 73071MW2KM), ,MAGNESIUM STEARATE (UNII: 70097M6I30), ,MANNITOL (UNII: 3OWL53L36A), ,TALC (UNII: 7SEV7J4R1U), ,,,,,,,4 in 1 BAG; Type 0: Not a Combination Product;10 in 1 BAG; Type 0: Not a Combination Product;
HUMAN PRESCRIPTION DRUG,ORAL,ONDANSETRON (UNII: 4AF302ESOS) (ONDANSETRON - UNII:4AF302ESOS),8 mg,MANNITOL (UNII: 3OWL53L36A), ,CROSPOVIDONE (15 MPA.S AT 5%) (UNII: 68401960MK), ,LACTOSE MONOHYDRATE (UNII: EWQ57Q8I5X), ,MICROCRYSTALLINE CELLULOSE (UNII: OP1R32D61U), ,ASPARTAME (UNII: Z0H242BBR1), ,SILICON DIOXIDE (UNII: ETJ7Z6XBU4), ,MAGNESIUM STEARATE (UNII: 70097M6I30), ,,,,,,,10 in 1 BAG; Type 0: Not a Combination Product;
HUMAN PRESCRIPTION DRUG,ORAL,ONDANSETRON (UNII: 4AF302ESOS) (ONDANSETRON - UNII:4AF302ESOS),4 mg,MANNITOL (UNII: 3OWL53L36A), ,CROSPOVIDONE (15 MPA.S AT 5%) (UNII: 68401960MK), ,LACTOSE MONOHYDRATE (UNII: EWQ57Q8I5X), ,MICROCRYSTALLINE CELLULOSE (UNII: OP1R32D61U), ,ASPARTAME (UNII: Z0H242BBR1), ,SILICON DIOXIDE (UNII: ETJ7Z6XBU4), ,MAGNESIUM STEARATE (UNII: 70097M6I30), ,,,,,,,5 in 1 BAG; Type 0: Not a Combination Product;10 in 1 BAG; Type 0: Not a Combination Product;
HUMAN PRESCRIPTION DRUG,ORAL,ONDANSETRON (UNII: 4AF302ESOS) (ONDANSETRON - UNII:4AF302ESOS),4 mg,MANNITOL (UNII: 3OWL53L36A), ,CROSPOVIDONE (UNII: 68401960MK), ,LACTOSE MONOHYDRATE (UNII: EWQ57Q8I5X), ,MICROCRYSTALLINE CELLULOSE (UNII: OP1R32D61U), ,ASPARTAME (UNII: Z0H242BBR1), ,SILICON DIOXIDE (UNII: ETJ7Z6XBU4), ,MAGNESIUM STEARATE (UNII: 70097M6I30), ,,,,,,,10 in 1 BAG; Type 0: Not a Combination Product;20 in 1 BAG; Type 0: Not a Combination Product;
HUMAN PRESCRIPTION DRUG,ORAL,ONDANSETRON (UNII: 4AF302ESOS) (ONDANSETRON - UNII:4AF302ESOS),8 mg,MANNITOL (UNII: 3OWL53L36A), ,CROSPOVIDONE (UNII: 68401960MK), ,LACTOSE MONOHYDRATE (UNII: EWQ57Q8I5X), ,MICROCRYSTALLINE CELLULOSE (UNII: OP1R32D61U), ,ASPARTAME (UNII: Z0H242BBR1), ,SILICON DIOXIDE (UNII: ETJ7Z6XBU4), ,MAGNESIUM STEARATE (UNII: 70097M6I30), ,,,,,,,10 in 1 BAG; Type 0: Not a Combination Product;12 in 1 BAG; Type 0: Not a Combination Product;8 in 1 BAG; Type 0: Not a Combination Product;6 in 1 BAG; Type 0: Not a Combination Product;4 in 1 BAG; Type 0: Not a Combination Product;
HUMAN PRESCRIPTION DRUG,ORAL,ONDANSETRON (UNII: 4AF302ESOS) (ONDANSETRON - UNII:4AF302ESOS),8 mg,ASPARTAME (UNII: Z0H242BBR1), ,CALCIUM STEARATE (UNII: 776XM7047L), ,SILICON DIOXIDE (UNII: ETJ7Z6XBU4), ,MANNITOL (UNII: 3OWL53L36A), ,"CELLULOSE, MICROCRYSTALLINE (UNII: OP1R32D61U)", ,POLACRILIN POTASSIUM (UNII: 0BZ5A00FQU), ,SODIUM STARCH GLYCOLATE TYPE A POTATO (UNII: 5856J3G2A2), ,TALC (UNII: 7SEV7J4R1U), ,STRAWBERRY (UNII: 4J2TY8Y81V), ,,,10 in 1 BOTTLE; Type 0: Not a Combination Product;
HUMAN PRESCRIPTION DRUG,ORAL,ONDANSETRON (UNII: 4AF302ESOS) (ONDANSETRON - UNII:4AF302ESOS),8 mg,MANNITOL (UNII: 3OWL53L36A), ,CROSPOVIDONE (UNII: 68401960MK), ,LACTOSE MONOHYDRATE (UNII: EWQ57Q8I5X), ,ASPARTAME (UNII: Z0H242BBR1), ,SILICON DIOXIDE (UNII: ETJ7Z6XBU4), ,MAGNESIUM STEARATE (UNII: 70097M6I30), ,,,,,,,,,30 in 1 CARTON; Type 0: Not a Combination Product;10 in 1 CARTON; Type 0: Not a Combination Product;
HUMAN PRESCRIPTION DRUG,ORAL,ONDANSETRON (UNII: 4AF302ESOS) (ONDANSETRON - UNII:4AF302ESOS),4 mg,MANNITOL (UNII: 3OWL53L36A), ,CROSPOVIDONE (UNII: 68401960MK), ,LACTOSE MONOHYDRATE (UNII: EWQ57Q8I5X), ,"CELLULOSE, MICROCRYSTALLINE (UNII: OP1R32D61U)", ,ASPARTAME (UNII: Z0H242BBR1), ,SILICON DIOXIDE (UNII: ETJ7Z6XBU4), ,MAGNESIUM STEARATE (UNII: 70097M6I30), ,,,,,,,30 in 1 BOTTLE; Type 0: Not a Combination Product;10 in 1 BOTTLE; Type 0: Not a Combination Product;5 in 1 BOTTLE; Type 0: Not a Combination Product;6 in 1 BOTTLE; Type 0: Not a Combination Product;
HUMAN PRESCRIPTION DRUG,ORAL,ONDANSETRON (UNII: 4AF302ESOS) (ONDANSETRON - UNII:4AF302ESOS),4 mg,ASPARTAME (UNII: Z0H242BBR1), ,SILICON DIOXIDE (UNII: ETJ7Z6XBU4), ,CROSPOVIDONE (UNII: 68401960MK), ,MAGNESIUM STEARATE (UNII: 70097M6I30), ,MANNITOL (UNII: 3OWL53L36A), ,SODIUM STEARYL FUMARATE (UNII: 7CV7WJK4UI), ,,,,,,,,,"30 in 1 BOX, UNIT-DOSE;"
HUMAN PRESCRIPTION DRUG,ORAL,ONDANSETRON (UNII: 4AF302ESOS) (ONDANSETRON - UNII:4AF302ESOS),4 mg,MICROCRYSTALLINE CELLULOSE (UNII: OP1R32D61U), ,SILICON DIOXIDE (UNII: ETJ7Z6XBU4), ,MAGNESIUM STEARATE (UNII: 70097M6I30), ,MANNITOL (UNII: 3OWL53L36A), ,CROSPOVIDONE (15 MPA.S AT 5%) (UNII: 68401960MK), ,LACTOSE MONOHYDRATE (UNII: EWQ57Q8I5X), ,ASPARTAME (UNII: Z0H242BBR1), ,,,,,,,1 in 1 BAG;4 in 1 BLISTER PACK; Type 0: Not a Combination Product;
HUMAN PRESCRIPTION DRUG,ORAL,ONDANSETRON (UNII: 4AF302ESOS) (ONDANSETRON - UNII:4AF302ESOS),4 mg,MAGNESIUM STEARATE (UNII: 70097M6I30), ,CROSPOVIDONE (15 MPA.S AT 5%) (UNII: 68401960MK), ,MANNITOL (UNII: 3OWL53L36A), ,MICROCRYSTALLINE CELLULOSE (UNII: OP1R32D61U), ,LACTOSE MONOHYDRATE (UNII: EWQ57Q8I5X), ,SILICON DIOXIDE (UNII: ETJ7Z6XBU4), ,ASPARTAME (UNII: Z0H242BBR1), ,,,,,,,2 in 1 BAG;2 in 1 BLISTER PACK; Type 0: Not a Combination Product;2 in 1 BAG;1 in 1 BLISTER PACK; Type 0: Not a Combination Product;
HUMAN PRESCRIPTION DRUG,ORAL,Ondansetron (UNII: 4AF302ESOS) (Ondansetron - UNII:4AF302ESOS),8 mg,ASPARTAME (UNII: Z0H242BBR1), ,CROSPOVIDONE (UNII: 68401960MK), ,MANNITOL (UNII: 3OWL53L36A), ,PEPPERMINT (UNII: V95R5KMY2B), ,SILICON DIOXIDE (UNII: ETJ7Z6XBU4), ,SODIUM STEARYL FUMARATE (UNII: 7CV7WJK4UI), ,SORBITOL (UNII: 506T60A25R), ,,,,,,,5 in 1 CARTON;1 in 1 BLISTER PACK;
HUMAN PRESCRIPTION DRUG,ORAL,ONDANSETRON (UNII: 4AF302ESOS) (ONDANSETRON - UNII:4AF302ESOS),4 mg,MANNITOL (UNII: 3OWL53L36A), ,CROSPOVIDONE (UNII: 2S7830E561), ,LACTOSE MONOHYDRATE (UNII: EWQ57Q8I5X), ,"CELLULOSE, MICROCRYSTALLINE (UNII: OP1R32D61U)", ,ASPARTAME (UNII: Z0H242BBR1), ,SILICON DIOXIDE (UNII: ETJ7Z6XBU4), ,MAGNESIUM STEARATE (UNII: 70097M6I30), ,,,,,,,10 in 1 BLISTER PACK; Type 0: Not a Combination Product;30 in 1 BOTTLE; Type 0: Not a Combination Product;30 in 1 BOTTLE; Type 0: Not a Combination Product;
HUMAN PRESCRIPTION DRUG,ORAL,ONDANSETRON (UNII: 4AF302ESOS) (ONDANSETRON - UNII:4AF302ESOS),4 mg,ASPARTAME (UNII: Z0H242BBR1), ,CROSPOVIDONE (UNII: 2S7830E561), ,MANNITOL (UNII: 3OWL53L36A), ,PEPPERMINT (UNII: V95R5KMY2B), ,SILICON DIOXIDE (UNII: ETJ7Z6XBU4), ,SODIUM STEARYL FUMARATE (UNII: 7CV7WJK4UI), ,SORBITOL (UNII: 506T60A25R), ,,,,,,,"20 in 1 BOTTLE, PLASTIC; Type 0: Not a Combination Product;30 in 1 BOTTLE, PLASTIC; Type 0: Not a Combination Product;"
HUMAN PRESCRIPTION DRUG,ORAL,ONDANSETRON (UNII: 4AF302ESOS) (ONDANSETRON - UNII:4AF302ESOS),8 mg,MANNITOL (UNII: 3OWL53L36A), ,CROSPOVIDONE (UNII: 68401960MK), ,LACTOSE MONOHYDRATE (UNII: EWQ57Q8I5X), ,"CELLULOSE, MICROCRYSTALLINE (UNII: OP1R32D61U)", ,ASPARTAME (UNII: Z0H242BBR1), ,SILICON DIOXIDE (UNII: ETJ7Z6XBU4), ,MAGNESIUM STEARATE (UNII: 70097M6I30), ,,,,,,,30 in 1 BOTTLE; Type 0: Not a Combination Product;10 in 1 BOTTLE; Type 0: Not a Combination Product;
HUMAN PRESCRIPTION DRUG,ORAL,ONDANSETRON (UNII: 4AF302ESOS) (ONDANSETRON - UNII:4AF302ESOS),4 mg,ASPARTAME (UNII: Z0H242BBR1), ,SILICON DIOXIDE (UNII: ETJ7Z6XBU4), ,CROSPOVIDONE (UNII: 68401960MK), ,MAGNESIUM STEARATE (UNII: 70097M6I30), ,MANNITOL (UNII: 3OWL53L36A), ,SODIUM STEARYL FUMARATE (UNII: 7CV7WJK4UI), ,,,,,,,,,30 in 1 BOTTLE; Type 0: Not a Combination Product;10 in 1 BOTTLE; Type 0: Not a Combination Product;
HUMAN PRESCRIPTION DRUG,ORAL,ONDANSETRON (UNII: 4AF302ESOS) (ONDANSETRON - UNII:4AF302ESOS),4 mg,MANNITOL (UNII: 3OWL53L36A), ,CROSPOVIDONE (15 MPA.S AT 5%) (UNII: 68401960MK), ,LACTOSE MONOHYDRATE (UNII: EWQ57Q8I5X), ,MICROCRYSTALLINE CELLULOSE (UNII: OP1R32D61U), ,ASPARTAME (UNII: Z0H242BBR1), ,SILICON DIOXIDE (UNII: ETJ7Z6XBU4), ,MAGNESIUM STEARATE (UNII: 70097M6I30), ,,,,,,,3 in 1 CARTON;10 in 1 BLISTER PACK; Type 0: Not a Combination Product;
HUMAN PRESCRIPTION DRUG,ORAL,ONDANSETRON (UNII: 4AF302ESOS) (ONDANSETRON - UNII:4AF302ESOS),4 mg,MANNITOL (UNII: 3OWL53L36A), ,CROSPOVIDONE (UNII: 68401960MK), ,LACTOSE MONOHYDRATE (UNII: EWQ57Q8I5X), ,"CELLULOSE, MICROCRYSTALLINE (UNII: OP1R32D61U)", ,ASPARTAME (UNII: Z0H242BBR1), ,SILICON DIOXIDE (UNII: ETJ7Z6XBU4), ,MAGNESIUM STEARATE (UNII: 70097M6I30), ,,,,,,,2 in 1 BOTTLE; Type 0: Not a Combination Product;4 in 1 BOTTLE; Type 0: Not a Combination Product;
HUMAN PRESCRIPTION DRUG,ORAL,ONDANSETRON (UNII: 4AF302ESOS) (ONDANSETRON - UNII:4AF302ESOS),4 mg,MANNITOL (UNII: 3OWL53L36A), ,CROSPOVIDONE (UNII: 68401960MK), ,LACTOSE MONOHYDRATE (UNII: EWQ57Q8I5X), ,"CELLULOSE, MICROCRYSTALLINE (UNII: OP1R32D61U)", ,ASPARTAME (UNII: Z0H242BBR1), ,SILICON DIOXIDE (UNII: ETJ7Z6XBU4), ,MAGNESIUM STEARATE (UNII: 70097M6I30), ,,,,,,,2 in 1 BOTTLE; Type 0: Not a Combination Product;3 in 1 BOTTLE; Type 0: Not a Combination Product;4 in 1 BOTTLE; Type 0: Not a Combination Product;6 in 1 BOTTLE; Type 0: Not a Combination Product;10 in 1 BOTTLE; Type 0: Not a Combination Product;
HUMAN PRESCRIPTION DRUG,ORAL,ONDANSETRON (UNII: 4AF302ESOS) (ONDANSETRON - UNII:4AF302ESOS),4 mg,MANNITOL (UNII: 3OWL53L36A), ,CROSPOVIDONE (UNII: 68401960MK), ,LACTOSE MONOHYDRATE (UNII: EWQ57Q8I5X), ,"CELLULOSE, MICROCRYSTALLINE (UNII: OP1R32D61U)", ,ASPARTAME (UNII: Z0H242BBR1), ,SILICON DIOXIDE (UNII: ETJ7Z6XBU4), ,MAGNESIUM STEARATE (UNII: 70097M6I30), ,,,,,,,2 in 1 BOTTLE; Type 0: Not a Combination Product;4 in 1 BOTTLE; Type 0: Not a Combination Product;3 in 1 BOTTLE; Type 0: Not a Combination Product;6 in 1 BOTTLE; Type 0: Not a Combination Product;10 in 1 BOTTLE; Type 0: Not a Combination Product;
HUMAN PRESCRIPTION DRUG,ORAL,ONDANSETRON (UNII: 4AF302ESOS) (ONDANSETRON - UNII:4AF302ESOS),4 mg,MANNITOL (UNII: 3OWL53L36A), ,CROSPOVIDONE (UNII: 68401960MK), ,LACTOSE MONOHYDRATE (UNII: EWQ57Q8I5X), ,"CELLULOSE, MICROCRYSTALLINE (UNII: OP1R32D61U)", ,ASPARTAME (UNII: Z0H242BBR1), ,SILICON DIOXIDE (UNII: ETJ7Z6XBU4), ,MAGNESIUM STEARATE (UNII: 70097M6I30), ,,,,,,,30 in 1 BOX; Type 0: Not a Combination Product;
HUMAN PRESCRIPTION DRUG,ORAL,ONDANSETRON (UNII: 4AF302ESOS) (ONDANSETRON - UNII:4AF302ESOS),8 mg,SILICON DIOXIDE (UNII: ETJ7Z6XBU4), ,MAGNESIUM STEARATE (UNII: 70097M6I30), ,MANNITOL (UNII: 3OWL53L36A), ,CROSPOVIDONE (UNII: 68401960MK), ,LACTOSE MONOHYDRATE (UNII: EWQ57Q8I5X), ,"CELLULOSE, MICROCRYSTALLINE (UNII: OP1R32D61U)", ,ASPARTAME (UNII: Z0H242BBR1), ,,,,,,,30 in 1 BOX; Type 0: Not a Combination Product;
HUMAN PRESCRIPTION DRUG,ORAL,ONDANSETRON (UNII: 4AF302ESOS) (ONDANSETRON - UNII:4AF302ESOS),8 mg,ASPARTAME (UNII: Z0H242BBR1), ,SILICON DIOXIDE (UNII: ETJ7Z6XBU4), ,CROSPOVIDONE (15 MPA.S AT 5%) (UNII: 68401960MK), ,MAGNESIUM STEARATE (UNII: 70097M6I30), ,MANNITOL (UNII: 3OWL53L36A), ,SODIUM STEARYL FUMARATE (UNII: 7CV7WJK4UI), ,,,,,,,,,10 in 1 BOX; Type 0: Not a Combination Product;
HUMAN PRESCRIPTION DRUG,ORAL,ONDANSETRON (UNII: 4AF302ESOS) (ONDANSETRON - UNII:4AF302ESOS),4 mg,SILICON DIOXIDE (UNII: ETJ7Z6XBU4), ,MAGNESIUM STEARATE (UNII: 70097M6I30), ,MANNITOL (UNII: 3OWL53L36A), ,CROSPOVIDONE (UNII: 68401960MK), ,LACTOSE MONOHYDRATE (UNII: EWQ57Q8I5X), ,"CELLULOSE, MICROCRYSTALLINE (UNII: OP1R32D61U)", ,ASPARTAME (UNII: Z0H242BBR1), ,,,,,,,2 in 1 BOTTLE; Type 0: Not a Combination Product;3 in 1 BOTTLE; Type 0: Not a Combination Product;4 in 1 BOTTLE; Type 0: Not a Combination Product;10 in 1 BOTTLE; Type 0: Not a Combination Product;6 in 1 BOTTLE; Type 0: Not a Combination Product;
HUMAN PRESCRIPTION DRUG,ORAL,ONDANSETRON (UNII: 4AF302ESOS) (ONDANSETRON - UNII:4AF302ESOS),4 mg,MANNITOL (UNII: 3OWL53L36A), ,CROSPOVIDONE (UNII: 68401960MK), ,LACTOSE MONOHYDRATE (UNII: EWQ57Q8I5X), ,"CELLULOSE, MICROCRYSTALLINE (UNII: OP1R32D61U)", ,ASPARTAME (UNII: Z0H242BBR1), ,SILICON DIOXIDE (UNII: ETJ7Z6XBU4), ,MAGNESIUM STEARATE (UNII: 70097M6I30), ,,,,,,,30 in 1 BOX; Type 0: Not a Combination Product;
HUMAN PRESCRIPTION DRUG,ORAL,ONDANSETRON (UNII: 4AF302ESOS) (ONDANSETRON - UNII:4AF302ESOS),8 mg,MANNITOL (UNII: 3OWL53L36A), ,CROSPOVIDONE (UNII: 68401960MK), ,LACTOSE MONOHYDRATE (UNII: EWQ57Q8I5X), ,MICROCRYSTALLINE CELLULOSE (UNII: OP1R32D61U), ,ASPARTAME (UNII: Z0H242BBR1), ,SILICON DIOXIDE (UNII: ETJ7Z6XBU4), ,MAGNESIUM STEARATE (UNII: 70097M6I30), ,,,,,,,4 in 1 BOX; Type 0: Not a Combination Product;
HUMAN PRESCRIPTION DRUG,ORAL,ONDANSETRON (UNII: 4AF302ESOS) (ONDANSETRON - UNII:4AF302ESOS),4 mg,MANNITOL (UNII: 3OWL53L36A), ,CROSPOVIDONE (15 MPA.S AT 5%) (UNII: 68401960MK), ,LACTOSE MONOHYDRATE (UNII: EWQ57Q8I5X), ,MICROCRYSTALLINE CELLULOSE (UNII: OP1R32D61U), ,ASPARTAME (UNII: Z0H242BBR1), ,SILICON DIOXIDE (UNII: ETJ7Z6XBU4), ,MAGNESIUM STEARATE (UNII: 70097M6I30), ,,,,,,,10 in 1 BLISTER PACK; Type 0: Not a Combination Product;
HUMAN PRESCRIPTION DRUG,ORAL,ONDANSETRON (UNII: 4AF302ESOS) (ONDANSETRON - UNII:4AF302ESOS),4 mg,MANNITOL (UNII: 3OWL53L36A), ,CROSPOVIDONE (15 MPA.S AT 5%) (UNII: 68401960MK), ,LACTOSE MONOHYDRATE (UNII: EWQ57Q8I5X), ,MICROCRYSTALLINE CELLULOSE (UNII: OP1R32D61U), ,ASPARTAME (UNII: Z0H242BBR1), ,SILICON DIOXIDE (UNII: ETJ7Z6XBU4), ,MAGNESIUM STEARATE (UNII: 70097M6I30), ,,,,,,,4 in 1 BLISTER PACK; Type 0: Not a Combination Product;
HUMAN PRESCRIPTION DRUG,ORAL,ONDANSETRON (UNII: 4AF302ESOS) (ONDANSETRON - UNII:4AF302ESOS),4 mg,MANNITOL (UNII: 3OWL53L36A), ,CROSPOVIDONE (15 MPA.S AT 5%) (UNII: 68401960MK), ,LACTOSE MONOHYDRATE (UNII: EWQ57Q8I5X), ,MICROCRYSTALLINE CELLULOSE (UNII: OP1R32D61U), ,ASPARTAME (UNII: Z0H242BBR1), ,SILICON DIOXIDE (UNII: ETJ7Z6XBU4), ,MAGNESIUM STEARATE (UNII: 70097M6I30), ,,,,,,,10 in 1 BOX; Type 0: Not a Combination Product;
HUMAN PRESCRIPTION DRUG,ORAL,ONDANSETRON (UNII: 4AF302ESOS) (ONDANSETRON - UNII:4AF302ESOS),8 mg,ASPARTAME (UNII: Z0H242BBR1), ,SILICON DIOXIDE (UNII: ETJ7Z6XBU4), ,CROSCARMELLOSE SODIUM (UNII: M28OL1HH48), ,GLYCERYL DISTEARATE (UNII: 73071MW2KM), ,MAGNESIUM STEARATE (UNII: 70097M6I30), ,MANNITOL (UNII: 3OWL53L36A), ,TALC (UNII: 7SEV7J4R1U), ,,,,,,,30 in 1 DOSE PACK;10 in 1 BLISTER PACK; Type 0: Not a Combination Product;
HUMAN PRESCRIPTION DRUG,ORAL,ONDANSETRON (UNII: 4AF302ESOS) (ONDANSETRON - UNII:4AF302ESOS),8 mg,ASPARTAME (UNII: Z0H242BBR1), ,SILICON DIOXIDE (UNII: ETJ7Z6XBU4), ,CROSCARMELLOSE SODIUM (UNII: M28OL1HH48), ,GLYCERYL DISTEARATE (UNII: 73071MW2KM), ,MAGNESIUM STEARATE (UNII: 70097M6I30), ,MANNITOL (UNII: 3OWL53L36A), ,TALC (UNII: 7SEV7J4R1U), ,,,,,,,10 in 1 BOX; Type 0: Not a Combination Product;
HUMAN PRESCRIPTION DRUG,ORAL,ONDANSETRON (UNII: 4AF302ESOS) (ONDANSETRON - UNII:4AF302ESOS),4 mg,MANNITOL (UNII: 3OWL53L36A), ,CROSPOVIDONE (UNII: 68401960MK), ,LACTOSE MONOHYDRATE (UNII: EWQ57Q8I5X), ,MICROCRYSTALLINE CELLULOSE (UNII: OP1R32D61U), ,ASPARTAME (UNII: Z0H242BBR1), ,SILICON DIOXIDE (UNII: ETJ7Z6XBU4), ,MAGNESIUM STEARATE (UNII: 70097M6I30), ,,,,,,,30 in 1 BOX; Type 0: Not a Combination Product;
HUMAN PRESCRIPTION DRUG,ORAL,ONDANSETRON (UNII: 4AF302ESOS) (ONDANSETRON - UNII:4AF302ESOS),8 mg,MANNITOL (UNII: 3OWL53L36A), ,CROSPOVIDONE (UNII: 68401960MK), ,LACTOSE MONOHYDRATE (UNII: EWQ57Q8I5X), ,"CELLULOSE, MICROCRYSTALLINE (UNII: OP1R32D61U)", ,ASPARTAME (UNII: Z0H242BBR1), ,SILICON DIOXIDE (UNII: ETJ7Z6XBU4), ,MAGNESIUM STEARATE (UNII: 70097M6I30), ,,,,,,,30 in 1 BOX; Type 0: Not a Combination Product;
HUMAN PRESCRIPTION DRUG,ORAL,ONDANSETRON (UNII: 4AF302ESOS) (ONDANSETRON - UNII:4AF302ESOS),4 mg,MANNITOL (UNII: 3OWL53L36A), ,CROSPOVIDONE (UNII: 68401960MK), ,LACTOSE MONOHYDRATE (UNII: EWQ57Q8I5X), ,"CELLULOSE, MICROCRYSTALLINE (UNII: OP1R32D61U)", ,ASPARTAME (UNII: Z0H242BBR1), ,SILICON DIOXIDE (UNII: ETJ7Z6XBU4), ,MAGNESIUM STEARATE (UNII: 70097M6I30), ,,,,,,,2 in 1 BOX; Type 0: Not a Combination Product;4 in 1 BOX; Type 0: Not a Combination Product;
HUMAN PRESCRIPTION DRUG,ORAL,ONDANSETRON (UNII: 4AF302ESOS) (ONDANSETRON - UNII:4AF302ESOS),4 mg,MANNITOL (UNII: 3OWL53L36A), ,CROSPOVIDONE (UNII: 68401960MK), ,LACTOSE MONOHYDRATE (UNII: EWQ57Q8I5X), ,"CELLULOSE, MICROCRYSTALLINE (UNII: OP1R32D61U)", ,ASPARTAME (UNII: Z0H242BBR1), ,SILICON DIOXIDE (UNII: ETJ7Z6XBU4), ,MAGNESIUM STEARATE (UNII: 70097M6I30), ,,,,,,,30 in 1 BOX; Type 0: Not a Combination Product;
HUMAN PRESCRIPTION DRUG,ORAL,ONDANSETRON (UNII: 4AF302ESOS) (ONDANSETRON - UNII:4AF302ESOS),8 mg,MANNITOL (UNII: 3OWL53L36A), ,CROSPOVIDONE (UNII: 68401960MK), ,LACTOSE MONOHYDRATE (UNII: EWQ57Q8I5X), ,"CELLULOSE, MICROCRYSTALLINE (UNII: OP1R32D61U)", ,ASPARTAME (UNII: Z0H242BBR1), ,SILICON DIOXIDE (UNII: ETJ7Z6XBU4), ,MAGNESIUM STEARATE (UNII: 70097M6I30), ,,,,,,,30 in 1 BOTTLE; Type 0: Not a Combination Product;
HUMAN PRESCRIPTION DRUG,ORAL,ONDANSETRON (UNII: 4AF302ESOS) (ONDANSETRON - UNII:4AF302ESOS),8 mg,ASPARTAME (UNII: Z0H242BBR1), ,SILICON DIOXIDE (UNII: ETJ7Z6XBU4), ,CROSPOVIDONE (15 MPA.S AT 5%) (UNII: 68401960MK), ,MAGNESIUM STEARATE (UNII: 70097M6I30), ,MANNITOL (UNII: 3OWL53L36A), ,SODIUM STEARYL FUMARATE (UNII: 7CV7WJK4UI), ,,,,,,,,,"4 in 1 BOTTLE, PLASTIC; Type 0: Not a Combination Product;"
HUMAN PRESCRIPTION DRUG,ORAL,ONDANSETRON (UNII: 4AF302ESOS) (ONDANSETRON - UNII:4AF302ESOS),8 mg,ASPARTAME (UNII: Z0H242BBR1), ,CALCIUM STEARATE (UNII: 776XM7047L), ,SILICON DIOXIDE (UNII: ETJ7Z6XBU4), ,MANNITOL (UNII: 3OWL53L36A), ,"CELLULOSE, MICROCRYSTALLINE (UNII: OP1R32D61U)", ,POLACRILIN POTASSIUM (UNII: 0BZ5A00FQU), ,SODIUM STARCH GLYCOLATE TYPE A POTATO (UNII: 5856J3G2A2), ,TALC (UNII: 7SEV7J4R1U), ,STRAWBERRY (UNII: 4J2TY8Y81V), ,,,"4 in 1 BOTTLE, PLASTIC; Type 0: Not a Combination Product;10 in 1 BOTTLE, PLASTIC; Type 0: Not a Combination Product;"
HUMAN PRESCRIPTION DRUG,ORAL,ONDANSETRON (UNII: 4AF302ESOS) (ONDANSETRON - UNII:4AF302ESOS),4 mg,MANNITOL (UNII: 3OWL53L36A), ,CROSPOVIDONE (UNII: 68401960MK), ,LACTOSE MONOHYDRATE (UNII: EWQ57Q8I5X), ,MICROCRYSTALLINE CELLULOSE (UNII: OP1R32D61U), ,ASPARTAME (UNII: Z0H242BBR1), ,SILICON DIOXIDE (UNII: ETJ7Z6XBU4), ,MAGNESIUM STEARATE (UNII: 70097M6I30), ,,,,,,,"2 in 1 BOTTLE, PLASTIC; Type 0: Not a Combination Product;4 in 1 BOTTLE, PLASTIC; Type 0: Not a Combination Product;5 in 1 BOTTLE, PLASTIC; Type 0: Not a Combination Product;6 in 1 BOTTLE, PLASTIC; Type 0: Not a Combination Product;8 in 1 BOTTLE, PLASTIC; Type 0: Not a Combination Product;10 in 1 BOTTLE, PLASTIC; Type 0: Not a Combination Product;20 in 1 BOTTLE, PLASTIC; Type 0: Not a Combination Product;"
HUMAN PRESCRIPTION DRUG,ORAL,ONDANSETRON (UNII: 4AF302ESOS) (ONDANSETRON - UNII:4AF302ESOS),8 mg,MANNITOL (UNII: 3OWL53L36A), ,CROSPOVIDONE (UNII: 68401960MK), ,LACTOSE MONOHYDRATE (UNII: EWQ57Q8I5X), ,MICROCRYSTALLINE CELLULOSE (UNII: OP1R32D61U), ,ASPARTAME (UNII: Z0H242BBR1), ,SILICON DIOXIDE (UNII: ETJ7Z6XBU4), ,MAGNESIUM STEARATE (UNII: 70097M6I30), ,,,,,,,"2 in 1 BOTTLE, PLASTIC; Type 0: Not a Combination Product;4 in 1 BOTTLE, PLASTIC; Type 0: Not a Combination Product;10 in 1 BOTTLE, PLASTIC; Type 0: Not a Combination Product;"
HUMAN PRESCRIPTION DRUG,ORAL,ONDANSETRON (UNII: 4AF302ESOS) (ONDANSETRON - UNII:4AF302ESOS),4 mg,ASPARTAME (UNII: Z0H242BBR1), ,CALCIUM STEARATE (UNII: 776XM7047L), ,SILICON DIOXIDE (UNII: ETJ7Z6XBU4), ,MANNITOL (UNII: 3OWL53L36A), ,"CELLULOSE, MICROCRYSTALLINE (UNII: OP1R32D61U)", ,POLACRILIN POTASSIUM (UNII: 0BZ5A00FQU), ,SODIUM STARCH GLYCOLATE TYPE A POTATO (UNII: 5856J3G2A2), ,TALC (UNII: 7SEV7J4R1U), ,,,,,"10 in 1 BOTTLE, PLASTIC;15 in 1 BOTTLE, PLASTIC;"
HUMAN PRESCRIPTION DRUG,ORAL,ONDANSETRON (UNII: 4AF302ESOS) (ONDANSETRON - UNII:4AF302ESOS),8 mg,ASPARTAME (UNII: Z0H242BBR1), ,CALCIUM STEARATE (UNII: 776XM7047L), ,SILICON DIOXIDE (UNII: ETJ7Z6XBU4), ,MANNITOL (UNII: 3OWL53L36A), ,"CELLULOSE, MICROCRYSTALLINE (UNII: OP1R32D61U)", ,POLACRILIN POTASSIUM (UNII: 0BZ5A00FQU), ,SODIUM STARCH GLYCOLATE TYPE A POTATO (UNII: 5856J3G2A2), ,TALC (UNII: 7SEV7J4R1U), ,,,,,"10 in 1 BOTTLE, PLASTIC;15 in 1 BOTTLE, PLASTIC;"
HUMAN PRESCRIPTION DRUG,ORAL,ONDANSETRON (UNII: 4AF302ESOS) (ONDANSETRON - UNII:4AF302ESOS),4 mg,MANNITOL (UNII: 3OWL53L36A), ,CROSPOVIDONE (15 MPA.S AT 5%) (UNII: 68401960MK), ,LACTOSE MONOHYDRATE (UNII: EWQ57Q8I5X), ,MICROCRYSTALLINE CELLULOSE (UNII: OP1R32D61U), ,ASPARTAME (UNII: Z0H242BBR1), ,SILICON DIOXIDE (UNII: ETJ7Z6XBU4), ,MAGNESIUM STEARATE (UNII: 70097M6I30), ,,,,,,,5 in 1 BOTTLE; Type 0: Not a Combination Product;10 in 1 BOTTLE; Type 0: Not a Combination Product;3 in 1 CARTON;10 in 1 BLISTER PACK; Type 0: Not a Combination Product;
HUMAN PRESCRIPTION DRUG,ORAL,ONDANSETRON (UNII: 4AF302ESOS) (ONDANSETRON - UNII:4AF302ESOS),4 mg,MANNITOL (UNII: 3OWL53L36A), ,CROSPOVIDONE (15 MPA.S AT 5%) (UNII: 68401960MK), ,LACTOSE MONOHYDRATE (UNII: EWQ57Q8I5X), ,MICROCRYSTALLINE CELLULOSE (UNII: OP1R32D61U), ,ASPARTAME (UNII: Z0H242BBR1), ,SILICON DIOXIDE (UNII: ETJ7Z6XBU4), ,MAGNESIUM STEARATE (UNII: 70097M6I30), ,,,,,,,5 in 1 BOTTLE; Type 0: Not a Combination Product;10 in 1 BOTTLE; Type 0: Not a Combination Product;30 in 1 BOTTLE; Type 0: Not a Combination Product;
HUMAN PRESCRIPTION DRUG,ORAL,ONDANSETRON (UNII: 4AF302ESOS) (ONDANSETRON - UNII:4AF302ESOS),8 mg,MANNITOL (UNII: 3OWL53L36A), ,CROSPOVIDONE (15 MPA.S AT 5%) (UNII: 68401960MK), ,LACTOSE MONOHYDRATE (UNII: EWQ57Q8I5X), ,MICROCRYSTALLINE CELLULOSE (UNII: OP1R32D61U), ,ASPARTAME (UNII: Z0H242BBR1), ,SILICON DIOXIDE (UNII: ETJ7Z6XBU4), ,MAGNESIUM STEARATE (UNII: 70097M6I30), ,,,,,,,5 in 1 BOTTLE; Type 0: Not a Combination Product;10 in 1 BLISTER PACK; Type 0: Not a Combination Product;3 in 1 CARTON;10 in 1 BLISTER PACK; Type 0: Not a Combination Product;
HUMAN PRESCRIPTION DRUG,ORAL,ONDANSETRON (UNII: 4AF302ESOS) (ONDANSETRON - UNII:4AF302ESOS),8 mg,ASPARTAME (UNII: Z0H242BBR1), ,SILICON DIOXIDE (UNII: ETJ7Z6XBU4), ,CROSCARMELLOSE SODIUM (UNII: M28OL1HH48), ,GLYCERYL DISTEARATE (UNII: 73071MW2KM), ,MAGNESIUM STEARATE (UNII: 70097M6I30), ,MANNITOL (UNII: 3OWL53L36A), ,TALC (UNII: 7SEV7J4R1U), ,,,,,,,10 in 1 BOTTLE; Type 0: Not a Combination Product;30 in 1 BOTTLE; Type 0: Not a Combination Product;
HUMAN PRESCRIPTION DRUG,ORAL,ONDANSETRON (UNII: 4AF302ESOS) (ONDANSETRON - UNII:4AF302ESOS),8 mg,MANNITOL (UNII: 3OWL53L36A), ,CROSPOVIDONE (15 MPA.S AT 5%) (UNII: 68401960MK), ,LACTOSE MONOHYDRATE (UNII: EWQ57Q8I5X), ,MICROCRYSTALLINE CELLULOSE (UNII: OP1R32D61U), ,ASPARTAME (UNII: Z0H242BBR1), ,SILICON DIOXIDE (UNII: ETJ7Z6XBU4), ,MAGNESIUM STEARATE (UNII: 70097M6I30), ,,,,,,,10 in 1 BOTTLE; Type 0: Not a Combination Product;30 in 1 BOTTLE; Type 0: Not a Combination Product;
HUMAN PRESCRIPTION DRUG,ORAL,ONDANSETRON (UNII: 4AF302ESOS) (ONDANSETRON - UNII:4AF302ESOS),8 mg,ASPARTAME (UNII: Z0H242BBR1), ,SILICON DIOXIDE (UNII: ETJ7Z6XBU4), ,CROSCARMELLOSE SODIUM (UNII: M28OL1HH48), ,GLYCERYL DISTEARATE (UNII: 73071MW2KM), ,MAGNESIUM STEARATE (UNII: 70097M6I30), ,MANNITOL (UNII: 3OWL53L36A), ,TALC (UNII: 7SEV7J4R1U), ,,,,,,,10 in 1 BOTTLE; Type 0: Not a Combination Product;15 in 1 BOTTLE; Type 0: Not a Combination Product;20 in 1 BOTTLE; Type 0: Not a Combination Product;30 in 1 BOTTLE; Type 0: Not a Combination Product;
HUMAN PRESCRIPTION DRUG,ORAL,ONDANSETRON (UNII: 4AF302ESOS) (ONDANSETRON - UNII:4AF302ESOS),4 mg,ASPARTAME (UNII: Z0H242BBR1), ,SILICON DIOXIDE (UNII: ETJ7Z6XBU4), ,CROSCARMELLOSE SODIUM (UNII: M28OL1HH48), ,GLYCERYL DISTEARATE (UNII: 73071MW2KM), ,MAGNESIUM STEARATE (UNII: 70097M6I30), ,MANNITOL (UNII: 3OWL53L36A), ,TALC (UNII: 7SEV7J4R1U), ,,,,,,,10 in 1 BLISTER PACK; Type 0: Not a Combination Product;15 in 1 BLISTER PACK; Type 0: Not a Combination Product;20 in 1 BLISTER PACK; Type 0: Not a Combination Product;30 in 1 BLISTER PACK; Type 0: Not a Combination Product;
HUMAN PRESCRIPTION DRUG,ORAL,ONDANSETRON (UNII: 4AF302ESOS) (ONDANSETRON - UNII:4AF302ESOS),4 mg,ASPARTAME (UNII: Z0H242BBR1), ,SILICON DIOXIDE (UNII: ETJ7Z6XBU4), ,CROSPOVIDONE (15 MPA.S AT 5%) (UNII: 68401960MK), ,MAGNESIUM STEARATE (UNII: 70097M6I30), ,MANNITOL (UNII: 3OWL53L36A), ,SODIUM STEARYL FUMARATE (UNII: 7CV7WJK4UI), ,,,,,,,,,"20 in 1 BOX, UNIT-DOSE; Type 0: Not a Combination Product;30 in 1 BOX, UNIT-DOSE; Type 0: Not a Combination Product;"
HUMAN PRESCRIPTION DRUG,ORAL,ONDANSETRON (UNII: 4AF302ESOS) (ONDANSETRON - UNII:4AF302ESOS),8 mg,ASPARTAME (UNII: Z0H242BBR1), ,SILICON DIOXIDE (UNII: ETJ7Z6XBU4), ,CROSPOVIDONE (15 MPA.S AT 5%) (UNII: 68401960MK), ,MAGNESIUM STEARATE (UNII: 70097M6I30), ,MANNITOL (UNII: 3OWL53L36A), ,SODIUM STEARYL FUMARATE (UNII: 7CV7WJK4UI), ,,,,,,,,,"10 in 1 BOX, UNIT-DOSE; Type 0: Not a Combination Product;"
HUMAN PRESCRIPTION DRUG,ORAL,ONDANSETRON (UNII: 4AF302ESOS) (ONDANSETRON - UNII:4AF302ESOS),4 mg,MANNITOL (UNII: 3OWL53L36A), ,CROSPOVIDONE (15 MPA.S AT 5%) (UNII: 68401960MK), ,LACTOSE MONOHYDRATE (UNII: EWQ57Q8I5X), ,MICROCRYSTALLINE CELLULOSE (UNII: OP1R32D61U), ,ASPARTAME (UNII: Z0H242BBR1), ,SILICON DIOXIDE (UNII: ETJ7Z6XBU4), ,MAGNESIUM STEARATE (UNII: 70097M6I30), ,,,,,,,3 in 1 BLISTER PACK; Type 0: Not a Combination Product;05 in 1 BLISTER PACK; Type 0: Not a Combination Product;10 in 1 BLISTER PACK; Type 0: Not a Combination Product;12 in 1 BLISTER PACK; Type 0: Not a Combination Product;15 in 1 BLISTER PACK; Type 0: Not a Combination Product;20 in 1 BLISTER PACK; Type 0: Not a Combination Product;30 in 1 BLISTER PACK; Type 0: Not a Combination Product;
HUMAN PRESCRIPTION DRUG,ORAL,ONDANSETRON (UNII: 4AF302ESOS) (ONDANSETRON - UNII:4AF302ESOS),4 mg,ASPARTAME (UNII: Z0H242BBR1), ,CALCIUM STEARATE (UNII: 776XM7047L), ,SILICON DIOXIDE (UNII: ETJ7Z6XBU4), ,MANNITOL (UNII: 3OWL53L36A), ,MICROCRYSTALLINE CELLULOSE (UNII: OP1R32D61U), ,POLACRILIN POTASSIUM (UNII: 0BZ5A00FQU), ,SODIUM STARCH GLYCOLATE TYPE A POTATO (UNII: 5856J3G2A2), ,TALC (UNII: 7SEV7J4R1U), ,STRAWBERRY (UNII: 4J2TY8Y81V), ,,,10 in 1 BOTTLE; Type 0: Not a Combination Product;15 in 1 BOTTLE; Type 0: Not a Combination Product;20 in 1 BOTTLE; Type 0: Not a Combination Product;30 in 1 BOTTLE; Type 0: Not a Combination Product;
HUMAN PRESCRIPTION DRUG,ORAL,ONDANSETRON (UNII: 4AF302ESOS) (ONDANSETRON - UNII:4AF302ESOS),8 mg,ASPARTAME (UNII: Z0H242BBR1), ,CALCIUM STEARATE (UNII: 776XM7047L), ,SILICON DIOXIDE (UNII: ETJ7Z6XBU4), ,MANNITOL (UNII: 3OWL53L36A), ,MICROCRYSTALLINE CELLULOSE (UNII: OP1R32D61U), ,POLACRILIN POTASSIUM (UNII: 0BZ5A00FQU), ,SODIUM STARCH GLYCOLATE TYPE A POTATO (UNII: 5856J3G2A2), ,TALC (UNII: 7SEV7J4R1U), ,STRAWBERRY (UNII: 4J2TY8Y81V), ,,,10 in 1 BOTTLE; Type 0: Not a Combination Product;15 in 1 BOTTLE; Type 0: Not a Combination Product;20 in 1 BOTTLE; Type 0: Not a Combination Product;
HUMAN PRESCRIPTION DRUG,ORAL,ONDANSETRON (UNII: 4AF302ESOS) (ONDANSETRON - UNII:4AF302ESOS),4 mg,MANNITOL (UNII: 3OWL53L36A), ,CROSPOVIDONE (15 MPA.S AT 5%) (UNII: 68401960MK), ,LACTOSE MONOHYDRATE (UNII: EWQ57Q8I5X), ,MICROCRYSTALLINE CELLULOSE (UNII: OP1R32D61U), ,ASPARTAME (UNII: Z0H242BBR1), ,SILICON DIOXIDE (UNII: ETJ7Z6XBU4), ,MAGNESIUM STEARATE (UNII: 70097M6I30), ,,,,,,,3 in 1 BLISTER PACK; Type 0: Not a Combination Product;4 in 1 BLISTER PACK; Type 0: Not a Combination Product;5 in 1 BLISTER PACK; Type 0: Not a Combination Product;6 in 1 BLISTER PACK; Type 0: Not a Combination Product;10 in 1 BLISTER PACK; Type 0: Not a Combination Product;15 in 1 BLISTER PACK; Type 0: Not a Combination Product;20 in 1 BLISTER PACK; Type 0: Not a Combination Product;30 in 1 BLISTER PACK; Type 0: Not a Combination Product;
HUMAN PRESCRIPTION DRUG,ORAL,ONDANSETRON (UNII: 4AF302ESOS) (ONDANSETRON - UNII:4AF302ESOS),8 mg,MANNITOL (UNII: 3OWL53L36A), ,CROSPOVIDONE (15 MPA.S AT 5%) (UNII: 68401960MK), ,LACTOSE MONOHYDRATE (UNII: EWQ57Q8I5X), ,MICROCRYSTALLINE CELLULOSE (UNII: OP1R32D61U), ,ASPARTAME (UNII: Z0H242BBR1), ,SILICON DIOXIDE (UNII: ETJ7Z6XBU4), ,MAGNESIUM STEARATE (UNII: 70097M6I30), ,,,,,,,10 in 1 BLISTER PACK; Type 0: Not a Combination Product;15 in 1 BLISTER PACK; Type 0: Not a Combination Product;20 in 1 BLISTER PACK; Type 0: Not a Combination Product;30 in 1 BLISTER PACK; Type 0: Not a Combination Product;
HUMAN PRESCRIPTION DRUG,ORAL,ONDANSETRON (UNII: 4AF302ESOS) (ONDANSETRON - UNII:4AF302ESOS),8 mg,ASPARTAME (UNII: Z0H242BBR1), ,CALCIUM STEARATE (UNII: 776XM7047L), ,COLLOIDAL SILICON DIOXIDE (UNII: ETJ7Z6XBU4), ,MANNITOL (UNII: 3OWL53L36A), ,"CELLULOSE, MICROCRYSTALLINE (UNII: OP1R32D61U)", ,POLACRILIN POTASSIUM (UNII: 0BZ5A00FQU), ,SODIUM STARCH GLYCOLATE TYPE A POTATO (UNII: 5856J3G2A2), ,TALC (UNII: 7SEV7J4R1U), ,,,,,30 in 1 BOTTLE;
HUMAN PRESCRIPTION DRUG,ORAL,ONDANSETRON (UNII: 4AF302ESOS) (ONDANSETRON - UNII:4AF302ESOS),4 mg,ASPARTAME (UNII: Z0H242BBR1), ,SILICON DIOXIDE (UNII: ETJ7Z6XBU4), ,CROSPOVIDONE (UNII: 68401960MK), ,MAGNESIUM STEARATE (UNII: 70097M6I30), ,MANNITOL (UNII: 3OWL53L36A), ,SODIUM STEARYL FUMARATE (UNII: 7CV7WJK4UI), ,,,,,,,,,"10 in 1 BOX, UNIT-DOSE;"
HUMAN PRESCRIPTION DRUG,ORAL,ONDANSETRON (UNII: 4AF302ESOS) (ONDANSETRON - UNII:4AF302ESOS),8 mg,ASPARTAME (UNII: Z0H242BBR1), ,SILICON DIOXIDE (UNII: ETJ7Z6XBU4), ,CROSPOVIDONE (UNII: 68401960MK), ,MAGNESIUM STEARATE (UNII: 70097M6I30), ,MANNITOL (UNII: 3OWL53L36A), ,SODIUM STEARYL FUMARATE (UNII: 7CV7WJK4UI), ,,,,,,,,,"10 in 1 BOX, UNIT-DOSE;"
HUMAN PRESCRIPTION DRUG,ORAL,ONDANSETRON (UNII: 4AF302ESOS) (ONDANSETRON - UNII:4AF302ESOS),4 mg,ASPARTAME (UNII: Z0H242BBR1), ,SILICON DIOXIDE (UNII: ETJ7Z6XBU4), ,CROSCARMELLOSE SODIUM (UNII: M28OL1HH48), ,GLYCERYL DISTEARATE (UNII: 73071MW2KM), ,MAGNESIUM STEARATE (UNII: 70097M6I30), ,MANNITOL (UNII: 3OWL53L36A), ,TALC (UNII: 7SEV7J4R1U), ,,,,,,,10 in 1 BOTTLE;30 in 1 BOTTLE;
HUMAN PRESCRIPTION DRUG,ORAL,ONDANSETRON (UNII: 4AF302ESOS) (ONDANSETRON - UNII:4AF302ESOS),8 mg,ASPARTAME (UNII: Z0H242BBR1), ,SILICON DIOXIDE (UNII: ETJ7Z6XBU4), ,CROSCARMELLOSE SODIUM (UNII: M28OL1HH48), ,GLYCERYL DISTEARATE (UNII: 73071MW2KM), ,MAGNESIUM STEARATE (UNII: 70097M6I30), ,MANNITOL (UNII: 3OWL53L36A), ,TALC (UNII: 7SEV7J4R1U), ,,,,,,,10 in 1 BOTTLE;
HUMAN PRESCRIPTION DRUG,ORAL,ONDANSETRON (UNII: 4AF302ESOS) (ONDANSETRON - UNII:4AF302ESOS),4 mg,MANNITOL (UNII: 3OWL53L36A), ,CROSPOVIDONE (UNII: 68401960MK), ,LACTOSE MONOHYDRATE (UNII: EWQ57Q8I5X), ,MICROCRYSTALLINE CELLULOSE (UNII: OP1R32D61U), ,ASPARTAME (UNII: Z0H242BBR1), ,SILICON DIOXIDE (UNII: ETJ7Z6XBU4), ,MAGNESIUM STEARATE (UNII: 70097M6I30), ,,,,,,,6 in 1 BLISTER PACK; Type 0: Not a Combination Product;30 in 1 BLISTER PACK; Type 0: Not a Combination Product;15 in 1 BLISTER PACK; Type 0: Not a Combination Product;10 in 1 BLISTER PACK; Type 0: Not a Combination Product;
HUMAN PRESCRIPTION DRUG,ORAL,ONDANSETRON (UNII: 4AF302ESOS) (ONDANSETRON - UNII:4AF302ESOS),4 mg,MANNITOL (UNII: 3OWL53L36A), ,CROSPOVIDONE (15 MPA.S AT 5%) (UNII: 68401960MK), ,LACTOSE MONOHYDRATE (UNII: EWQ57Q8I5X), ,MICROCRYSTALLINE CELLULOSE (UNII: OP1R32D61U), ,ASPARTAME (UNII: Z0H242BBR1), ,SILICON DIOXIDE (UNII: ETJ7Z6XBU4), ,MAGNESIUM STEARATE (UNII: 70097M6I30), ,,,,,,,10 in 1 BLISTER PACK; Type 0: Not a Combination Product;3 in 1 BLISTER PACK; Type 0: Not a Combination Product;30 in 1 BLISTER PACK; Type 0: Not a Combination Product;6 in 1 BLISTER PACK; Type 0: Not a Combination Product;
HUMAN PRESCRIPTION DRUG,ORAL,ONDANSETRON (UNII: 4AF302ESOS) (ONDANSETRON - UNII:4AF302ESOS),8 mg,MANNITOL (UNII: 3OWL53L36A), ,CROSPOVIDONE (15 MPA.S AT 5%) (UNII: 68401960MK), ,LACTOSE MONOHYDRATE (UNII: EWQ57Q8I5X), ,MICROCRYSTALLINE CELLULOSE (UNII: OP1R32D61U), ,ASPARTAME (UNII: Z0H242BBR1), ,SILICON DIOXIDE (UNII: ETJ7Z6XBU4), ,MAGNESIUM STEARATE (UNII: 70097M6I30), ,,,,,,,30 in 1 BLISTER PACK; Type 0: Not a Combination Product;6 in 1 BLISTER PACK; Type 0: Not a Combination Product;10 in 1 BLISTER PACK; Type 0: Not a Combination Product;3 in 1 BLISTER PACK; Type 0: Not a Combination Product;
HUMAN PRESCRIPTION DRUG,ORAL,ONDANSETRON (UNII: 4AF302ESOS) (ONDANSETRON - UNII:4AF302ESOS),4 mg,ASPARTAME (UNII: Z0H242BBR1), ,SILICON DIOXIDE (UNII: ETJ7Z6XBU4), ,CROSPOVIDONE (15 MPA.S AT 5%) (UNII: 68401960MK), ,MAGNESIUM STEARATE (UNII: 70097M6I30), ,MANNITOL (UNII: 3OWL53L36A), ,SODIUM STEARYL FUMARATE (UNII: 7CV7WJK4UI), ,,,,,,,,,30 in 1 BLISTER PACK; Type 0: Not a Combination Product;3 in 1 BLISTER PACK; Type 0: Not a Combination Product;6 in 1 BLISTER PACK; Type 0: Not a Combination Product;10 in 1 BLISTER PACK; Type 0: Not a Combination Product;
HUMAN PRESCRIPTION DRUG,ORAL,ONDANSETRON (UNII: 4AF302ESOS) (ONDANSETRON - UNII:4AF302ESOS),8 mg,MANNITOL (UNII: 3OWL53L36A), ,CROSPOVIDONE (15 MPA.S AT 5%) (UNII: 68401960MK), ,LACTOSE MONOHYDRATE (UNII: EWQ57Q8I5X), ,MICROCRYSTALLINE CELLULOSE (UNII: OP1R32D61U), ,ASPARTAME (UNII: Z0H242BBR1), ,SILICON DIOXIDE (UNII: ETJ7Z6XBU4), ,MAGNESIUM STEARATE (UNII: 70097M6I30), ,,,,,,,10 in 1 BLISTER PACK; Type 0: Not a Combination Product;30 in 1 BLISTER PACK; Type 0: Not a Combination Product;3 in 1 BLISTER PACK; Type 0: Not a Combination Product;6 in 1 BLISTER PACK; Type 0: Not a Combination Product;
HUMAN PRESCRIPTION DRUG,ORAL,ONDANSETRON (UNII: 4AF302ESOS) (ONDANSETRON - UNII:4AF302ESOS),4 mg,MANNITOL (UNII: 3OWL53L36A), ,CROSPOVIDONE (UNII: 68401960MK), ,LACTOSE MONOHYDRATE (UNII: EWQ57Q8I5X), ,"CELLULOSE, MICROCRYSTALLINE (UNII: OP1R32D61U)", ,ASPARTAME (UNII: Z0H242BBR1), ,SILICON DIOXIDE (UNII: ETJ7Z6XBU4), ,MAGNESIUM STEARATE (UNII: 70097M6I30), ,,,,,,,30 in 1 BOTTLE;
HUMAN PRESCRIPTION DRUG,ORAL,ONDANSETRON (UNII: 4AF302ESOS) (ONDANSETRON - UNII:4AF302ESOS),8 mg,MANNITOL (UNII: 3OWL53L36A), ,CROSPOVIDONE (UNII: 68401960MK), ,LACTOSE MONOHYDRATE (UNII: EWQ57Q8I5X), ,"CELLULOSE, MICROCRYSTALLINE (UNII: OP1R32D61U)", ,ASPARTAME (UNII: Z0H242BBR1), ,SILICON DIOXIDE (UNII: ETJ7Z6XBU4), ,MAGNESIUM STEARATE (UNII: 70097M6I30), ,,,,,,,30 in 1 BOTTLE;
HUMAN PRESCRIPTION DRUG,ORAL,ONDANSETRON (UNII: 4AF302ESOS) (ONDANSETRON - UNII:4AF302ESOS),4 mg,,,,,,,,,,,,,,,,,,,,,30 in 1 BOTTLE;
HUMAN PRESCRIPTION DRUG,ORAL,ONDANSETRON (UNII: 4AF302ESOS) (ONDANSETRON - UNII:4AF302ESOS),4 mg,MANNITOL (UNII: 3OWL53L36A), ,CROSPOVIDONE (UNII: 68401960MK), ,LACTOSE MONOHYDRATE (UNII: EWQ57Q8I5X), ,"CELLULOSE, MICROCRYSTALLINE (UNII: OP1R32D61U)", ,ASPARTAME (UNII: Z0H242BBR1), ,SILICON DIOXIDE (UNII: ETJ7Z6XBU4), ,MAGNESIUM STEARATE (UNII: 70097M6I30), ,,,,,,,"10 in 1 BOTTLE, PLASTIC; Type 0: Not a Combination Product;"
HUMAN PRESCRIPTION DRUG,ORAL,ONDANSETRON (UNII: 4AF302ESOS) (ONDANSETRON - UNII:4AF302ESOS),8 mg,MANNITOL (UNII: 3OWL53L36A), ,CROSPOVIDONE (UNII: 68401960MK), ,LACTOSE MONOHYDRATE (UNII: EWQ57Q8I5X), ,"CELLULOSE, MICROCRYSTALLINE (UNII: OP1R32D61U)", ,ASPARTAME (UNII: Z0H242BBR1), ,SILICON DIOXIDE (UNII: ETJ7Z6XBU4), ,MAGNESIUM STEARATE (UNII: 70097M6I30), ,,,,,,,10 in 1 BLISTER PACK; Type 0: Not a Combination Product;
HUMAN PRESCRIPTION DRUG,ORAL,ONDANSETRON (UNII: 4AF302ESOS) (ONDANSETRON - UNII:4AF302ESOS),8 mg,ASPARTAME (UNII: Z0H242BBR1), ,SILICON DIOXIDE (UNII: ETJ7Z6XBU4), ,CROSCARMELLOSE SODIUM (UNII: M28OL1HH48), ,GLYCERYL DISTEARATE (UNII: 73071MW2KM), ,MAGNESIUM STEARATE (UNII: 70097M6I30), ,MANNITOL (UNII: 3OWL53L36A), ,TALC (UNII: 7SEV7J4R1U), ,,,,,,,10 in 1 BLISTER PACK; Type 0: Not a Combination Product;
HUMAN PRESCRIPTION DRUG,ORAL,ONDANSETRON (UNII: 4AF302ESOS) (ONDANSETRON - UNII:4AF302ESOS),4 mg,MANNITOL (UNII: 3OWL53L36A), ,CROSPOVIDONE (15 MPA.S AT 5%) (UNII: 68401960MK), ,LACTOSE MONOHYDRATE (UNII: EWQ57Q8I5X), ,MICROCRYSTALLINE CELLULOSE (UNII: OP1R32D61U), ,ASPARTAME (UNII: Z0H242BBR1), ,SILICON DIOXIDE (UNII: ETJ7Z6XBU4), ,MAGNESIUM STEARATE (UNII: 70097M6I30), ,,,,,,,3 in 1 CARTON;10 in 1 BLISTER PACK; Type 0: Not a Combination Product;
HUMAN PRESCRIPTION DRUG,ORAL,ONDANSETRON (UNII: 4AF302ESOS) (ONDANSETRON - UNII:4AF302ESOS),4 mg,ASPARTAME (UNII: Z0H242BBR1), ,SILICON DIOXIDE (UNII: ETJ7Z6XBU4), ,CROSCARMELLOSE SODIUM (UNII: M28OL1HH48), ,GLYCERYL DISTEARATE (UNII: 73071MW2KM), ,MAGNESIUM STEARATE (UNII: 70097M6I30), ,MANNITOL (UNII: 3OWL53L36A), ,TALC (UNII: 7SEV7J4R1U), ,,,,,,,3 in 1 DOSE PACK;10 in 1 BLISTER PACK ; Type 0: Not a Combination Product;
HUMAN PRESCRIPTION DRUG,ORAL,ONDANSETRON (UNII: 4AF302ESOS) (ONDANSETRON - UNII:4AF302ESOS),4 mg,ASPARTAME (UNII: Z0H242BBR1), ,SILICON DIOXIDE (UNII: ETJ7Z6XBU4), ,CROSPOVIDONE (15 MPA.S AT 5%) (UNII: 68401960MK), ,MAGNESIUM STEARATE (UNII: 70097M6I30), ,MANNITOL (UNII: 3OWL53L36A), ,SODIUM STEARYL FUMARATE (UNII: 7CV7WJK4UI), ,,,,,,,,,"3 in 1 BOX, UNIT-DOSE;10 in 1 BLISTER PACK ; Type 0: Not a Combination Product;"
HUMAN PRESCRIPTION DRUG,ORAL,ONDANSETRON (UNII: 4AF302ESOS) (ONDANSETRON - UNII:4AF302ESOS),8 mg,ASPARTAME (UNII: Z0H242BBR1), ,"CROSPOVIDONE, UNSPECIFIED (UNII: 2S7830E561)", ,MANNITOL (UNII: 3OWL53L36A), ,PEPPERMINT (UNII: V95R5KMY2B), ,SILICON DIOXIDE (UNII: ETJ7Z6XBU4), ,SODIUM STEARYL FUMARATE (UNII: 7CV7WJK4UI), ,SORBITOL (UNII: 506T60A25R), ,,,,,,,5 in 1 CARTON;1 in 1 BLISTER PACK; Type 0: Not a Combination Product;
HUMAN PRESCRIPTION DRUG,SUBLINGUAL,MIDAZOLAM (UNII: R60L0SM5BC) (MIDAZOLAM - UNII:R60L0SM5BC),3 mg,,,,,,,,,,,,,,,,,,,,,3 in 1 DOSE PACK; Type 0: Not a Combination Product;
HUMAN PRESCRIPTION DRUG,ORAL,ONDANSETRON HYDROCHLORIDE (UNII: NMH84OZK2B) (ONDANSETRON - UNII:4AF302ESOS),4 mg,"LACTOSE, UNSPECIFIED FORM (UNII: J2B2A4N98G)", ,MICROCRYSTALLINE CELLULOSE (UNII: OP1R32D61U), ,"STARCH, CORN (UNII: O8232NY3SJ)", ,"HYPROMELLOSE, UNSPECIFIED (UNII: 3NXW29V3WO)", ,MAGNESIUM STEARATE (UNII: 70097M6I30), ,TITANIUM DIOXIDE (UNII: 15FIX9V2JP), ,TRIACETIN (UNII: XHX3C3X673), ,,,,,,,30 in 1 BOTTLE; Type 0: Not a Combination Product;
HUMAN PRESCRIPTION DRUG,ORAL,ONDANSETRON HYDROCHLORIDE (UNII: NMH84OZK2B) (ONDANSETRON - UNII:4AF302ESOS),8 mg,"LACTOSE, UNSPECIFIED FORM (UNII: J2B2A4N98G)", ,MICROCRYSTALLINE CELLULOSE (UNII: OP1R32D61U), ,"STARCH, CORN (UNII: O8232NY3SJ)", ,"HYPROMELLOSE, UNSPECIFIED (UNII: 3NXW29V3WO)", ,MAGNESIUM STEARATE (UNII: 70097M6I30), ,TITANIUM DIOXIDE (UNII: 15FIX9V2JP), ,TRIACETIN (UNII: XHX3C3X673), ,FERRIC OXIDE YELLOW (UNII: EX438O2MRT), ,,,,,30 in 1 BOTTLE; Type 0: Not a Combination Product;
HUMAN PRESCRIPTION DRUG,ORAL,ONDANSETRON HYDROCHLORIDE (UNII: NMH84OZK2B) (ONDANSETRON - UNII:4AF302ESOS),4 mg,,,,,,,,,,,,,,,,,,,,,15 in 1 BOTTLE; Type 0: Not a Combination Product;
HUMAN PRESCRIPTION DRUG,ORAL,ONDANSETRON (UNII: 4AF302ESOS) (ONDANSETRON - UNII:4AF302ESOS),4 mg,,,,,,,,,,,,,,,,,,,,,60 in 1 BOTTLE; Type 0: Not a Combination Product;
HUMAN PRESCRIPTION DRUG,ORAL,ONDANSETRON HYDROCHLORIDE (UNII: NMH84OZK2B) (ONDANSETRON - UNII:4AF302ESOS),8 mg,,,,,,,,,,,,,,,,,,,,,30 in 1 BOTTLE; Type 0: Not a Combination Product;
HUMAN PRESCRIPTION DRUG,ORAL,ONDANSETRON (UNII: 4AF302ESOS) (ONDANSETRON - UNII:4AF302ESOS),4 mg,,,,,,,,,,,,,,,,,,,,,30 in 1 BOTTLE; Type 0: Not a Combination Product;
